,User,Date,Tweet,Tweets Ago,Positive,Negative,Neutral,Compound
0,BBCWorld,Mon Apr 23 22:51:05 +0000 2018,Madonna loses bid to stop sale of Tupac break up letter https://t.co/u43jTtH63d,1,0.0,0.69,0.31,-0.5423
1,BBCWorld,Mon Apr 23 21:29:40 +0000 2018,Is Bollywood ready for #MeToo? https://t.co/peBJHCUCz1,2,0.333,0.667,0.0,0.3612
2,BBCWorld,Mon Apr 23 20:54:02 +0000 2018,"RT @BBCBreaking: Nine people dead and 16 injured after van strikes pedestrians in Toronto, police in Canada say

https://t.co/NZbRtG7T9U",3,0.0,0.627,0.373,-0.8591
3,BBCWorld,Mon Apr 23 20:21:49 +0000 2018,China sexist adverts: Tech firms apologise after damning report https://t.co/fqeqo8c6u1,4,0.2,0.615,0.185,0.0516
4,BBCWorld,Mon Apr 23 19:53:47 +0000 2018,Daniel Barenboim returns German music award in anti-Semitism row https://t.co/Z4kkEnoLKR,5,0.28,0.72,0.0,0.5423
5,BBCWorld,Mon Apr 23 19:32:12 +0000 2018,US soldier gets world's first penis and scrotum transplant https://t.co/1IjabEClHp,6,0.0,1.0,0.0,0.0
6,BBCWorld,Mon Apr 23 19:32:12 +0000 2018,Yemen war: Houthi political leader Saleh al-Sammad 'killed in air raid' https://t.co/oziOdhCqQx,7,0.0,0.543,0.457,-0.8555
7,BBCWorld,Mon Apr 23 19:12:48 +0000 2018,"RT @BBCBreaking: @BBCWorld ""People were shouting stop the car"" - Eyewitness describes seeing the van hitting pedestrians 
https://t.co/26Yb‚Ä¶",8,0.0,0.879,0.121,-0.296
8,BBCWorld,Mon Apr 23 18:27:54 +0000 2018,"@BBCBreaking Toronto Police say driver of van is in custody but gave no personal details or possible motive 
https://t.co/JNIIyMO2si",9,0.0,0.865,0.135,-0.4215
9,BBCWorld,Mon Apr 23 18:17:19 +0000 2018,Waffle House gunman in custody https://t.co/X35cKnYSZA,10,0.0,1.0,0.0,0.0
10,BBCWorld,Mon Apr 23 18:13:33 +0000 2018,"RT @BBCBreaking: Naked gunman who killed four people at a Waffle House in Tennessee is in custody after a manhunt, police say https://t.co/‚Ä¶",11,0.0,0.816,0.184,-0.6705
11,BBCWorld,Mon Apr 23 18:11:15 +0000 2018,RT @BBCNews: US soldier gets world's first penis and scrotum transplant https://t.co/u8wucxfKAZ,12,0.0,1.0,0.0,0.0
12,BBCWorld,Mon Apr 23 18:01:34 +0000 2018,Multiple pedestrians hit by van in Toronto https://t.co/GCLz8DrX8I,13,0.0,1.0,0.0,0.0
13,BBCWorld,Mon Apr 23 17:39:20 +0000 2018,"RT @BBCNews: The Duke and Duchess of Cambridge introduce their new son to the world, just hours after he was born 

https://t.co/jU2MrpY3CQ‚Ä¶",14,0.0,1.0,0.0,0.0
14,BBCWorld,Mon Apr 23 17:14:56 +0000 2018,Travis Reinking: How did Waffle House suspect get guns after ban? https://t.co/dGdFe0Aaka,15,0.0,0.633,0.367,-0.7003
15,BBCWorld,Mon Apr 23 16:58:44 +0000 2018,RT @BBCBreaking: The Duke and Duchess of Cambridge show off new son outside London hospital https://t.co/lGZ2YAK7um #royalbaby https://t.co‚Ä¶,16,0.0,1.0,0.0,0.0
16,BBCWorld,Mon Apr 23 16:33:38 +0000 2018,"RT @BBCSport: Mohamed Salah is the first Egyptian footballer to win the PFA Player of the Year award.

It‚Äôs gone down very well in Egypt!‚Ä¶",17,0.312,0.688,0.0,0.8746
17,BBCWorld,Mon Apr 23 15:49:18 +0000 2018,Stolen heart of French queen consort Anne of Brittany found https://t.co/JC48MCWMvn,18,0.0,0.758,0.242,-0.4939
18,BBCWorld,Mon Apr 23 15:49:18 +0000 2018,Spain exhumes bodies from Valley of the Fallen civil war monument https://t.co/9PDProeOHG,19,0.0,0.61,0.39,-0.7506
19,BBCWorld,Mon Apr 23 15:27:16 +0000 2018,Harry Potter show opens on New York's Broadway https://t.co/vGDYr02PfM,20,0.0,1.0,0.0,0.0
20,BBCWorld,Mon Apr 23 22:51:05 +0000 2018,Madonna loses bid to stop sale of Tupac break up letter https://t.co/u43jTtH63d,21,0.0,0.69,0.31,-0.5423
21,BBCWorld,Mon Apr 23 21:29:40 +0000 2018,Is Bollywood ready for #MeToo? https://t.co/peBJHCUCz1,22,0.333,0.667,0.0,0.3612
22,BBCWorld,Mon Apr 23 20:54:02 +0000 2018,"RT @BBCBreaking: Nine people dead and 16 injured after van strikes pedestrians in Toronto, police in Canada say

https://t.co/NZbRtG7T9U",23,0.0,0.627,0.373,-0.8591
23,BBCWorld,Mon Apr 23 20:21:49 +0000 2018,China sexist adverts: Tech firms apologise after damning report https://t.co/fqeqo8c6u1,24,0.2,0.615,0.185,0.0516
24,BBCWorld,Mon Apr 23 19:53:47 +0000 2018,Daniel Barenboim returns German music award in anti-Semitism row https://t.co/Z4kkEnoLKR,25,0.28,0.72,0.0,0.5423
25,BBCWorld,Mon Apr 23 19:32:12 +0000 2018,US soldier gets world's first penis and scrotum transplant https://t.co/1IjabEClHp,26,0.0,1.0,0.0,0.0
26,BBCWorld,Mon Apr 23 19:32:12 +0000 2018,Yemen war: Houthi political leader Saleh al-Sammad 'killed in air raid' https://t.co/oziOdhCqQx,27,0.0,0.543,0.457,-0.8555
27,BBCWorld,Mon Apr 23 19:12:48 +0000 2018,"RT @BBCBreaking: @BBCWorld ""People were shouting stop the car"" - Eyewitness describes seeing the van hitting pedestrians 
https://t.co/26Yb‚Ä¶",28,0.0,0.879,0.121,-0.296
28,BBCWorld,Mon Apr 23 18:27:54 +0000 2018,"@BBCBreaking Toronto Police say driver of van is in custody but gave no personal details or possible motive 
https://t.co/JNIIyMO2si",29,0.0,0.865,0.135,-0.4215
29,BBCWorld,Mon Apr 23 18:17:19 +0000 2018,Waffle House gunman in custody https://t.co/X35cKnYSZA,30,0.0,1.0,0.0,0.0
30,BBCWorld,Mon Apr 23 18:13:33 +0000 2018,"RT @BBCBreaking: Naked gunman who killed four people at a Waffle House in Tennessee is in custody after a manhunt, police say https://t.co/‚Ä¶",31,0.0,0.816,0.184,-0.6705
31,BBCWorld,Mon Apr 23 18:11:15 +0000 2018,RT @BBCNews: US soldier gets world's first penis and scrotum transplant https://t.co/u8wucxfKAZ,32,0.0,1.0,0.0,0.0
32,BBCWorld,Mon Apr 23 18:01:34 +0000 2018,Multiple pedestrians hit by van in Toronto https://t.co/GCLz8DrX8I,33,0.0,1.0,0.0,0.0
33,BBCWorld,Mon Apr 23 17:39:20 +0000 2018,"RT @BBCNews: The Duke and Duchess of Cambridge introduce their new son to the world, just hours after he was born 

https://t.co/jU2MrpY3CQ‚Ä¶",34,0.0,1.0,0.0,0.0
34,BBCWorld,Mon Apr 23 17:14:56 +0000 2018,Travis Reinking: How did Waffle House suspect get guns after ban? https://t.co/dGdFe0Aaka,35,0.0,0.633,0.367,-0.7003
35,BBCWorld,Mon Apr 23 16:58:44 +0000 2018,RT @BBCBreaking: The Duke and Duchess of Cambridge show off new son outside London hospital https://t.co/lGZ2YAK7um #royalbaby https://t.co‚Ä¶,36,0.0,1.0,0.0,0.0
36,BBCWorld,Mon Apr 23 16:33:38 +0000 2018,"RT @BBCSport: Mohamed Salah is the first Egyptian footballer to win the PFA Player of the Year award.

It‚Äôs gone down very well in Egypt!‚Ä¶",37,0.312,0.688,0.0,0.8746
37,BBCWorld,Mon Apr 23 15:49:18 +0000 2018,Stolen heart of French queen consort Anne of Brittany found https://t.co/JC48MCWMvn,38,0.0,0.758,0.242,-0.4939
38,BBCWorld,Mon Apr 23 15:49:18 +0000 2018,Spain exhumes bodies from Valley of the Fallen civil war monument https://t.co/9PDProeOHG,39,0.0,0.61,0.39,-0.7506
39,BBCWorld,Mon Apr 23 15:27:16 +0000 2018,Harry Potter show opens on New York's Broadway https://t.co/vGDYr02PfM,40,0.0,1.0,0.0,0.0
40,BBCWorld,Mon Apr 23 14:31:45 +0000 2018,Ex-NFL star Jay Feely says prom gun photo a 'joke' https://t.co/ehc8EiUqUG,41,0.0,0.789,0.211,-0.34
41,BBCWorld,Mon Apr 23 14:31:44 +0000 2018,Yemen war: Saudi-led air strike on wedding 'kills 20' https://t.co/mWJ49S2rJg,42,0.0,0.44,0.56,-0.836
42,BBCWorld,Mon Apr 23 14:31:44 +0000 2018,South African women win Goldman prize for stopping nuclear deal https://t.co/XwtCXCH6Ew,43,0.425,0.479,0.096,0.7579
43,BBCWorld,Mon Apr 23 14:31:44 +0000 2018,Basic income trial falls flat in Finland https://t.co/TusdS3SYzN,44,0.0,1.0,0.0,0.0
44,BBCWorld,Mon Apr 23 14:11:01 +0000 2018,"Africans fight Hong Kong prejudice with football ‚öΩ

https://t.co/2qNLs7WWS7 #CrossingDivides",45,0.0,0.543,0.457,-0.7096
45,BBCWorld,Mon Apr 23 13:16:53 +0000 2018,Avicii death: Oman police confirm 'no criminal suspicion' https://t.co/nNW9U6D1Le,46,0.0,0.292,0.708,-0.9022
46,BBCWorld,Mon Apr 23 13:03:35 +0000 2018,RT @BBCNews: Loved from #LFC to Luxor https://t.co/GPRXjXIcx6,47,0.358,0.642,0.0,0.5994
47,BBCWorld,Mon Apr 23 12:38:05 +0000 2018,Armenian PM resigns after protests https://t.co/uU5yRYLXD9,48,0.0,0.488,0.512,-0.4939
48,BBCWorld,Mon Apr 23 12:20:56 +0000 2018,BBC reporter Andy Verity was kicked in the groin in Ukraine https://t.co/VLvmw2QS8g,49,0.0,1.0,0.0,0.0
49,BBCWorld,Mon Apr 23 12:01:27 +0000 2018,Armenia protests: Soldiers join demonstrators as unrest continues https://t.co/MmWfrwzFrm,50,0.198,0.631,0.171,0.0772
50,BBCWorld,Mon Apr 23 11:17:59 +0000 2018,What would you say to a loved one if it was the last time they could hear your voice? https://t.co/Cp6ath0PBb https://t.co/9vCFtKnHgx,51,0.17,0.83,0.0,0.5994
51,BBCWorld,Mon Apr 23 10:57:05 +0000 2018,Shania Twain apologises after saying she would vote for Donald Trump https://t.co/IVowwoci7w,52,0.141,0.859,0.0,0.2023
52,BBCWorld,Mon Apr 23 10:04:35 +0000 2018,New Zealand PM @jacindaardern meets @LucyHockingsBBC to answer 10 deeply profound questions üòä‚Ä¶ https://t.co/pyCS0idas8,53,0.0,1.0,0.0,0.0
53,BBCWorld,Mon Apr 23 09:57:17 +0000 2018,Israeli groom arrested over celebratory gunfire video https://t.co/Ljk4t5wmXm,54,0.0,0.693,0.307,-0.4767
54,BBCWorld,Mon Apr 23 09:52:43 +0000 2018,Woman 'fined $500 over free Delta Air Lines flight apple' https://t.co/cl6mgi630R,55,0.248,0.752,0.0,0.5106
55,BBCWorld,Mon Apr 23 09:43:09 +0000 2018,RT @BBCNewsPR: Today we're launching Crossing Divides - a UK and global season looking at the ways in which people connect across the fract‚Ä¶,56,0.0,1.0,0.0,0.0
56,BBCWorld,Mon Apr 23 09:28:00 +0000 2018,"RT @BBCSteveR: In today's Russian papers: ""Rich Muscovites are digging underground shelters to protect against Trump""; there's a warning of‚Ä¶",57,0.252,0.65,0.098,0.5859
57,BBCWorld,Mon Apr 23 08:44:02 +0000 2018,North Korea bus crash kills 32 Chinese tourists https://t.co/DIQ1ET4cQW,58,0.0,0.53,0.47,-0.7351
58,BBCWorld,Mon Apr 23 08:39:49 +0000 2018,Environment prize goes to Flint water activist https://t.co/5U7x1giRtf,59,0.32,0.68,0.0,0.5106
59,BBCWorld,Mon Apr 23 08:24:03 +0000 2018,Nashville Waffle House: James Shaw denies heroism https://t.co/VS3H7hizLr,60,0.302,0.476,0.222,0.25
60,BBCWorld,Mon Apr 23 08:13:16 +0000 2018,Paris attack suspect convicted in Belgium https://t.co/s0PYcdxfur,61,0.0,0.485,0.515,-0.6486
61,BBCWorld,Mon Apr 23 08:00:23 +0000 2018,Radovan Karadzic: Bosnian Serb ex-leader begins war crimes appeal https://t.co/7Mx7dbembW,62,0.0,0.698,0.302,-0.5994
62,BBCWorld,Mon Apr 23 07:57:00 +0000 2018,Crossing Divides: Europe 'more split' than decade ago https://t.co/MvhMPgJZeF,63,0.0,1.0,0.0,0.0
63,BBCWorld,Mon Apr 23 05:50:10 +0000 2018,Crossing Divides: Integrating the Swedish way https://t.co/YsnMX3fBWd,64,0.0,1.0,0.0,0.0
64,BBCWorld,Mon Apr 23 04:11:00 +0000 2018,Mario Abdo Ben√≠tez wins Paraguay's presidential election https://t.co/L03wQ1T0ZS,65,0.346,0.654,0.0,0.5719
65,BBCWorld,Mon Apr 23 03:11:31 +0000 2018,Elderly dog helps save girl lost in Australian bush https://t.co/IURd3xZbRo,66,0.384,0.464,0.152,0.5423
66,BBCWorld,Mon Apr 23 03:11:30 +0000 2018,South Korea turns off loudspeaker broadcasts into North https://t.co/4lCUUG8T6z,67,0.0,1.0,0.0,0.0
67,BBCWorld,Mon Apr 23 01:45:21 +0000 2018,The ups and downs of Trump and Macron https://t.co/nteVaTRQEb,68,0.0,1.0,0.0,0.0
68,BBCWorld,Mon Apr 23 01:18:07 +0000 2018,France approves controversial immigration bill https://t.co/hCLE0OYuqJ,69,0.318,0.471,0.212,0.2263
69,BBCWorld,Mon Apr 23 01:18:07 +0000 2018,Waffle House shooting 'hero': 'I was saving myself' https://t.co/D5XFB40T2k,70,0.0,1.0,0.0,0.0
70,BBCWorld,Mon Apr 23 00:33:11 +0000 2018,Nicaragua president scraps pension cuts after deadly riots https://t.co/SqNUBAklze,71,0.0,0.56,0.44,-0.6705
71,BBCWorld,Mon Apr 23 00:30:16 +0000 2018,Jacinda Ardern: I don't mind the interest in my pregnancy https://t.co/dbLCCsLYuM,72,0.0,0.784,0.216,-0.357
72,BBCWorld,Mon Apr 23 00:14:01 +0000 2018,'Welcome to my plastic bottle castle' https://t.co/HiDyoTArkh,73,0.333,0.667,0.0,0.4588
73,BBCWorld,Mon Apr 23 00:10:43 +0000 2018,'In six days I'll lose my voice forever' https://t.co/5X5ZHCXnl0,74,0.0,0.748,0.252,-0.4019
74,BBCWorld,Sun Apr 22 23:34:13 +0000 2018,Africans tackle Hong Kong prejudice with football https://t.co/rz1PH2gTKl,75,0.0,0.68,0.32,-0.5106
75,BBCWorld,Sun Apr 22 23:34:13 +0000 2018,What does a Trump-Macron bromance mean for the world? https://t.co/nWXVL9Lyyb,76,0.0,1.0,0.0,0.0
76,BBCWorld,Sun Apr 22 23:25:24 +0000 2018,Viewpoint: The pitfalls of India's biometric ID scheme https://t.co/0GqqqpIhD2,77,0.0,1.0,0.0,0.0
77,BBCWorld,Sun Apr 22 23:25:24 +0000 2018,Manzoor Pashteen: How Pakistan's Pashtun found a voice https://t.co/YNl30FHOQU,78,0.0,1.0,0.0,0.0
78,BBCWorld,Sun Apr 22 23:19:58 +0000 2018,Climate change: Michael Bloomberg offers $4.5m for Paris deal https://t.co/8V1W4RuxL8,79,0.0,1.0,0.0,0.0
79,BBCWorld,Sun Apr 22 22:35:55 +0000 2018,Canadian man accused of murder lynched in Peruvian Amazon https://t.co/D97nRubfzA,80,0.109,0.449,0.442,-0.7351
80,BBCWorld,Sun Apr 22 20:35:38 +0000 2018,Andrea Nahles: First woman to lead Germany's social democrats https://t.co/csjuLCPkup,81,0.0,1.0,0.0,0.0
81,BBCWorld,Sun Apr 22 19:44:37 +0000 2018,"Meet the man who's survived a snake, bear and shark attack https://t.co/Af1hsmFhMy",82,0.214,0.584,0.201,0.0516
82,BBCWorld,Sun Apr 22 19:23:59 +0000 2018,Scuffles as Armenia protest leader Nikol Pashinyan detained https://t.co/JO0j4J2xaK,83,0.0,0.598,0.402,-0.5719
83,BBCWorld,Sun Apr 22 18:17:18 +0000 2018,Vote for BBC Women's Footballer of the Year 2018 https://t.co/LKYQoVJZd2,84,0.0,1.0,0.0,0.0
84,BBCWorld,Sun Apr 22 16:00:03 +0000 2018,Iran nuclear deal: Macron urges Trump to stick with 2015 accord https://t.co/LUpSKKqybj,85,0.0,1.0,0.0,0.0
85,BBCWorld,Sun Apr 22 15:10:02 +0000 2018,RT @BBCNewsbeat: During the #LondonMarathon this man proposed to his girlfriend üíç‚ù§Ô∏è https://t.co/k4EHQiRGo7,86,0.0,1.0,0.0,0.0
86,BBCWorld,Sun Apr 22 13:25:31 +0000 2018,Verne Troyer: Austin Powers star's film and TV moments https://t.co/K9KuFLJOAG,87,0.0,1.0,0.0,0.0
87,BBCWorld,Sun Apr 22 13:10:23 +0000 2018,London Marathon: Kenyans Kipchoge and Cheruiyot celebrate double win https://t.co/zqmod1Q2Nu,88,0.484,0.516,0.0,0.8176
88,BBCWorld,Sun Apr 22 12:15:36 +0000 2018,Naked gunman kills three in Nashville Waffle House https://t.co/JDLGh3sMYj,89,0.0,0.696,0.304,-0.5423
89,BBCWorld,Sun Apr 22 12:05:00 +0000 2018,London Marathon 2017: Mo Farah finishes third as Eliud Kipchoge wins https://t.co/00LKWfQQBC,90,0.252,0.748,0.0,0.5719
90,BBCWorld,Sun Apr 22 11:59:45 +0000 2018,Korean Air 'nut rage' sisters step down https://t.co/qinMBrPywm,91,0.0,0.66,0.34,-0.5574
91,BBCWorld,Sun Apr 22 11:05:03 +0000 2018,London Marathon 2018: Kenya's Vivian Cheruiyot wins but Paula Radcliffe keeps world record https://t.co/ZRhfdSSiFy,92,0.153,0.847,0.0,0.3291
92,BBCWorld,Sun Apr 22 11:05:03 +0000 2018,Fadi al-Batsh killing: Israel dismisses involvement https://t.co/QMm19pnXfi,93,0.0,0.577,0.423,-0.6597
93,BBCWorld,Sun Apr 22 08:44:38 +0000 2018,Afghan voter centre blast kills dozens https://t.co/thd2nogRXT,94,0.0,0.632,0.368,-0.5423
94,BBCWorld,Sun Apr 22 08:39:03 +0000 2018,Nicaragua reporter killed during Facebook Live amid unrest https://t.co/uvFLbJMoVG,95,0.0,0.64,0.36,-0.6705
95,BBCWorld,Sun Apr 22 07:56:14 +0000 2018,"Verne Troyer was ""a beacon of positivity"", says Austin Powers star Mike Myers https://t.co/yVRNzY69If",96,0.0,1.0,0.0,0.0
96,BBCWorld,Sun Apr 22 07:26:08 +0000 2018,ICYMI: Baby love and a centenarian pianist https://t.co/nPkh8C53Go,97,0.412,0.588,0.0,0.6369
97,BBCWorld,Sun Apr 22 07:20:59 +0000 2018,China dragon boat accident leaves 17 dead https://t.co/MbIgfYbfUg,98,0.0,0.448,0.552,-0.8126
98,BBCWorld,Sun Apr 22 04:18:34 +0000 2018,Armenian leaders face crunch talks after protests https://t.co/VZR0SlXgf1,99,0.0,0.787,0.213,-0.2263
99,BBCWorld,Sun Apr 22 00:05:54 +0000 2018,Salisbury attack: Russian TV's claims about poisoning https://t.co/RP7VjTqdVr,100,0.0,0.465,0.535,-0.7845
100,CBSNews,Mon Apr 23 23:45:01 +0000 2018,The Trump administration is pressing for the release of three Americans held in North Korea in the lead-up to the p‚Ä¶ https://t.co/J19mVtcIVd,1,0.0,1.0,0.0,0.0
101,CBSNews,Mon Apr 23 23:30:39 +0000 2018,Today would have been legendary child star Shirley Temple's 90th birthday. https://t.co/B6N8ASiBYZ https://t.co/j7wn0aZzNM,2,0.0,1.0,0.0,0.0
102,CBSNews,Mon Apr 23 23:15:01 +0000 2018,"Bill Cosby opted not to testify in his sexual assault retrial as his lawyers rested their case Monday, setting the‚Ä¶ https://t.co/jxRobcr2sW",3,0.0,0.84,0.16,-0.5859
103,CBSNews,Mon Apr 23 23:05:28 +0000 2018,".@davidbegnaud talks to 98-year-old Naomi Wooten, who just walked the aisle for the second time in her life.‚Ä¶ https://t.co/FDMXIioYe4",4,0.0,1.0,0.0,0.0
104,CBSNews,Mon Apr 23 22:56:38 +0000 2018,Former president George H.W. Bush has been admitted to a hospital in Houston after contracting an infection that sp‚Ä¶ https://t.co/25KqUWWYYI,5,0.072,0.928,0.0,0.1027
105,CBSNews,Mon Apr 23 22:51:53 +0000 2018,JUST IN: Former U.S. president George H.W. Bush has been admitted to Houston Methodist Hospital after contracting a‚Ä¶ https://t.co/HhO3AMRelS,6,0.072,0.928,0.0,0.1027
106,CBSNews,Mon Apr 23 22:47:49 +0000 2018,"Meet the newest member of the British royal family: An eight-pound, seven-ounce prince. https://t.co/8PteZHb9Y6",7,0.0,1.0,0.0,0.0
107,CBSNews,Mon Apr 23 22:44:43 +0000 2018,"President Trump is hosting his first state visit. The guest of honor, French president Emmanuel Macron. There are s‚Ä¶ https://t.co/ULAYJSQDKa",8,0.144,0.856,0.0,0.4939
108,CBSNews,Mon Apr 23 22:41:59 +0000 2018,"Senate Foreign Relations Committee recommended that Mike Pompeo, currently CIA director, be confirmed as America's‚Ä¶ https://t.co/Q5XOnrPabD",9,0.107,0.893,0.0,0.2023
109,CBSNews,Mon Apr 23 22:38:55 +0000 2018,Southwest Airlines canceled at least 129 flights today as it ramps up engine inspections ordered last week after a‚Ä¶ https://t.co/Zr3HUtDqx9,10,0.0,1.0,0.0,0.0
110,CBSNews,Mon Apr 23 22:37:32 +0000 2018,The suspect in a deadly shooting at a Tennessee Waffle House was arrested today after more than 24 hours on the run‚Ä¶ https://t.co/D31Hh6syjI,11,0.0,0.782,0.218,-0.6486
111,CBSNews,Mon Apr 23 22:35:34 +0000 2018,"A van jumped a curb on a busy street and mowed down pedestrians in Toronto, killing nine people and injuring more t‚Ä¶ https://t.co/xFKdHtDCRf",12,0.0,0.812,0.188,-0.6597
112,CBSNews,Mon Apr 23 22:15:01 +0000 2018,Shipwreck hunters plan to excavate around a Lake Erie wreck this summer that they think could be the remains of a s‚Ä¶ https://t.co/5U4so4wfhe,13,0.0,0.873,0.127,-0.4404
113,CBSNews,Mon Apr 23 22:00:01 +0000 2018,U.K. man who filmed dog appearing to give Nazi salutes convicted of hate crime in controversial case.‚Ä¶ https://t.co/01tuz48VdW,14,0.0,0.625,0.375,-0.8402
114,CBSNews,Mon Apr 23 21:46:46 +0000 2018,"MOMENTS AGO: President Trump, first lady Melania Trump welcome French president Emmanuel Macron, his wife to the Wh‚Ä¶ https://t.co/hOgwcuKHB5",15,0.143,0.857,0.0,0.4588
115,CBSNews,Mon Apr 23 21:39:01 +0000 2018,"""We are so grateful for everyone who loved Tim's music and have precious memories of his songs."" The family of fame‚Ä¶ https://t.co/DTH9Bm34g8",16,0.376,0.624,0.0,0.9094
116,CBSNews,Mon Apr 23 21:25:02 +0000 2018,"NEW: 25-year-old Alek Minassian identified as the suspected driver who ran down pedestrians in Toronto, killing at‚Ä¶ https://t.co/xSEsvS76hU",17,0.0,0.717,0.283,-0.743
117,CBSNews,Mon Apr 23 21:17:50 +0000 2018,WATCH NOW: Senate Committee holds vote on secretary of state nominee Mike Pompeo.  https://t.co/87gesX1Imf https://t.co/ZDvJp4qLN6,18,0.0,1.0,0.0,0.0
118,CBSNews,Mon Apr 23 20:58:34 +0000 2018,"UPDATE: At least 9 dead, 16 injured after van plows into pedestrians in Toronto; suspect in custody, according to p‚Ä¶ https://t.co/y5pB3eIGhR",19,0.0,0.649,0.351,-0.8481
119,CBSNews,Mon Apr 23 20:49:31 +0000 2018,WATCH NOW: Toronto officials give update after van plows into pedestrians. https://t.co/hjkpLTw5iS https://t.co/9dpeFUWruV,20,0.0,1.0,0.0,0.0
120,CBSNews,Mon Apr 23 23:45:01 +0000 2018,The Trump administration is pressing for the release of three Americans held in North Korea in the lead-up to the p‚Ä¶ https://t.co/J19mVtcIVd,21,0.0,1.0,0.0,0.0
121,CBSNews,Mon Apr 23 23:30:39 +0000 2018,Today would have been legendary child star Shirley Temple's 90th birthday. https://t.co/B6N8ASiBYZ https://t.co/j7wn0aZzNM,22,0.0,1.0,0.0,0.0
122,CBSNews,Mon Apr 23 23:15:01 +0000 2018,"Bill Cosby opted not to testify in his sexual assault retrial as his lawyers rested their case Monday, setting the‚Ä¶ https://t.co/jxRobcr2sW",23,0.0,0.84,0.16,-0.5859
123,CBSNews,Mon Apr 23 23:05:28 +0000 2018,".@davidbegnaud talks to 98-year-old Naomi Wooten, who just walked the aisle for the second time in her life.‚Ä¶ https://t.co/FDMXIioYe4",24,0.0,1.0,0.0,0.0
124,CBSNews,Mon Apr 23 22:56:38 +0000 2018,Former president George H.W. Bush has been admitted to a hospital in Houston after contracting an infection that sp‚Ä¶ https://t.co/25KqUWWYYI,25,0.072,0.928,0.0,0.1027
125,CBSNews,Mon Apr 23 22:51:53 +0000 2018,JUST IN: Former U.S. president George H.W. Bush has been admitted to Houston Methodist Hospital after contracting a‚Ä¶ https://t.co/HhO3AMRelS,26,0.072,0.928,0.0,0.1027
126,CBSNews,Mon Apr 23 22:47:49 +0000 2018,"Meet the newest member of the British royal family: An eight-pound, seven-ounce prince. https://t.co/8PteZHb9Y6",27,0.0,1.0,0.0,0.0
127,CBSNews,Mon Apr 23 22:44:43 +0000 2018,"President Trump is hosting his first state visit. The guest of honor, French president Emmanuel Macron. There are s‚Ä¶ https://t.co/ULAYJSQDKa",28,0.144,0.856,0.0,0.4939
128,CBSNews,Mon Apr 23 22:41:59 +0000 2018,"Senate Foreign Relations Committee recommended that Mike Pompeo, currently CIA director, be confirmed as America's‚Ä¶ https://t.co/Q5XOnrPabD",29,0.107,0.893,0.0,0.2023
129,CBSNews,Mon Apr 23 22:38:55 +0000 2018,Southwest Airlines canceled at least 129 flights today as it ramps up engine inspections ordered last week after a‚Ä¶ https://t.co/Zr3HUtDqx9,30,0.0,1.0,0.0,0.0
130,CBSNews,Mon Apr 23 22:37:32 +0000 2018,The suspect in a deadly shooting at a Tennessee Waffle House was arrested today after more than 24 hours on the run‚Ä¶ https://t.co/D31Hh6syjI,31,0.0,0.782,0.218,-0.6486
131,CBSNews,Mon Apr 23 22:35:34 +0000 2018,"A van jumped a curb on a busy street and mowed down pedestrians in Toronto, killing nine people and injuring more t‚Ä¶ https://t.co/xFKdHtDCRf",32,0.0,0.812,0.188,-0.6597
132,CBSNews,Mon Apr 23 22:15:01 +0000 2018,Shipwreck hunters plan to excavate around a Lake Erie wreck this summer that they think could be the remains of a s‚Ä¶ https://t.co/5U4so4wfhe,33,0.0,0.873,0.127,-0.4404
133,CBSNews,Mon Apr 23 22:00:01 +0000 2018,U.K. man who filmed dog appearing to give Nazi salutes convicted of hate crime in controversial case.‚Ä¶ https://t.co/01tuz48VdW,34,0.0,0.625,0.375,-0.8402
134,CBSNews,Mon Apr 23 21:46:46 +0000 2018,"MOMENTS AGO: President Trump, first lady Melania Trump welcome French president Emmanuel Macron, his wife to the Wh‚Ä¶ https://t.co/hOgwcuKHB5",35,0.143,0.857,0.0,0.4588
135,CBSNews,Mon Apr 23 21:39:01 +0000 2018,"""We are so grateful for everyone who loved Tim's music and have precious memories of his songs."" The family of fame‚Ä¶ https://t.co/DTH9Bm34g8",36,0.376,0.624,0.0,0.9094
136,CBSNews,Mon Apr 23 21:25:02 +0000 2018,"NEW: 25-year-old Alek Minassian identified as the suspected driver who ran down pedestrians in Toronto, killing at‚Ä¶ https://t.co/xSEsvS76hU",37,0.0,0.717,0.283,-0.743
137,CBSNews,Mon Apr 23 21:17:50 +0000 2018,WATCH NOW: Senate Committee holds vote on secretary of state nominee Mike Pompeo.  https://t.co/87gesX1Imf https://t.co/ZDvJp4qLN6,38,0.0,1.0,0.0,0.0
138,CBSNews,Mon Apr 23 20:58:34 +0000 2018,"UPDATE: At least 9 dead, 16 injured after van plows into pedestrians in Toronto; suspect in custody, according to p‚Ä¶ https://t.co/y5pB3eIGhR",39,0.0,0.649,0.351,-0.8481
139,CBSNews,Mon Apr 23 20:49:31 +0000 2018,WATCH NOW: Toronto officials give update after van plows into pedestrians. https://t.co/hjkpLTw5iS https://t.co/9dpeFUWruV,40,0.0,1.0,0.0,0.0
140,CBSNews,Mon Apr 23 20:41:02 +0000 2018,"Complaints against @CBP about employee conduct, discrimination, frequent searches and fines and detention increased‚Ä¶ https://t.co/qudUCU4nAk",41,0.0,0.714,0.286,-0.6369
141,CBSNews,Mon Apr 23 20:28:11 +0000 2018,Democratic lawmakers have sent a letter to House Oversight Committee chairman Trey Gowdy that calls for more scruti‚Ä¶ https://t.co/3X2zsYmQfN,42,0.0,1.0,0.0,0.0
142,CBSNews,Mon Apr 23 19:56:37 +0000 2018,Tennessee Waffle House shooting suspect Travis Reinking being taken inside to a police precinct after he was captur‚Ä¶ https://t.co/NE3VhhBPQJ,43,0.0,0.885,0.115,-0.296
143,CBSNews,Mon Apr 23 19:53:02 +0000 2018,Sunnybrook Hospital receives seven patients from hit-and-run incident in Toronto.  The hospital's emergency departm‚Ä¶ https://t.co/mLE0m6lWdh,44,0.0,0.843,0.157,-0.3818
144,CBSNews,Mon Apr 23 19:40:27 +0000 2018,"NEW: Hit-and-run that injured several pedestrians in Toronto appears to be a deliberate act, U.S. law enforcement s‚Ä¶ https://t.co/tD9iNaK8Is",45,0.0,0.863,0.137,-0.4019
145,CBSNews,Mon Apr 23 19:29:10 +0000 2018,"""Our thoughts are with all those affected by the terrible incident,"" Canada prime minister @JustinTrudeau says in w‚Ä¶ https://t.co/nunyjnY5zN",46,0.0,0.783,0.217,-0.5719
146,CBSNews,Mon Apr 23 19:09:10 +0000 2018,"MORE: Travis Reinking in possession of semiautomatic weapon, .45 caliber ammunition when apprehended by police, aut‚Ä¶ https://t.co/oeppjj7sNU",47,0.0,0.879,0.121,-0.296
147,CBSNews,Mon Apr 23 19:05:39 +0000 2018,"MORE: Waffle House shooting suspect Travis Reinking to be booked on four counts of criminal homicide, authorities s‚Ä¶ https://t.co/I1JshMm149",48,0.0,0.752,0.248,-0.6808
148,CBSNews,Mon Apr 23 19:04:59 +0000 2018,WATCH LIVE: Tennessee authorities hold press conference following the capture of Waffle House shooting suspect Trav‚Ä¶ https://t.co/Ei7d4rBfIk,49,0.0,0.879,0.121,-0.296
149,CBSNews,Mon Apr 23 18:59:14 +0000 2018,NEW: Footage shows Waffle House shooting suspect Travis Reinking exiting police vehicle and being escorted by autho‚Ä¶ https://t.co/831wu8sVEt,50,0.0,0.885,0.115,-0.296
150,CBSNews,Mon Apr 23 18:34:24 +0000 2018,"UPDATE: Driver of van that struck 8 to 10 people in Toronto has been found and is in custody, Canadian authorities‚Ä¶ https://t.co/QgL2Ov7EQh",51,0.0,0.909,0.091,-0.25
151,CBSNews,Mon Apr 23 18:31:07 +0000 2018,"""[Waffle House shooting suspect Travis Reinking] really was discovered not far from where he is suspected of killin‚Ä¶ https://t.co/MJoermU9aS",52,0.0,0.806,0.194,-0.4767
152,CBSNews,Mon Apr 23 18:27:02 +0000 2018,"MORE: Tennessee Waffle House shooting suspect, 29-year-old Travis Reinking, ""apprehended...in a wooded area,""‚Ä¶ https://t.co/zRlvv5JGR9",53,0.0,0.845,0.155,-0.296
153,CBSNews,Mon Apr 23 18:21:09 +0000 2018,"MORE: 29-year-old shooting suspect Travis Reinking, accused of opening fire at a Tennessee Waffle House on Sunday a‚Ä¶ https://t.co/0XjCpahhBx",54,0.0,0.66,0.34,-0.7733
154,CBSNews,Mon Apr 23 18:12:36 +0000 2018,"NEW: Suspect in deadly Tennessee Waffle House shooting is in custody, according to @MNPDNashville‚Ä¶ https://t.co/dh3fbfmTmj",55,0.0,0.864,0.136,-0.296
155,CBSNews,Mon Apr 23 18:10:49 +0000 2018,"DEVELOPING: Hit-and-run reported in Toronto after van strikes multiple pedestrians, according to authorities; polic‚Ä¶ https://t.co/x8gX4lavwr",56,0.0,0.848,0.152,-0.3612
156,CBSNews,Mon Apr 23 18:05:47 +0000 2018,"Two disturbing videos apparently showing Syracuse University fraternity brothers engage in racist, anti-semitic, ho‚Ä¶ https://t.co/wt1urj38oG",57,0.111,0.553,0.336,-0.7096
157,CBSNews,Mon Apr 23 17:55:47 +0000 2018,"Q: ""What gives you any optimism that the north Koreans are really looking to denuclearize because of the statements‚Ä¶ https://t.co/N5IkjuKH64",58,0.156,0.844,0.0,0.5423
158,CBSNews,Mon Apr 23 17:51:21 +0000 2018,"Reporter on Pres. Trump's tweet: ""What has the president done that he's worried Michael Cohen could 'flip' about?""‚Ä¶ https://t.co/4pdVqeDz0B",59,0.0,0.891,0.109,-0.296
159,CBSNews,Mon Apr 23 17:42:54 +0000 2018,WATCH LIVE: @PressSec Sarah Huckabee Sanders holds White House briefing following French Pres. Macron's arrival for‚Ä¶ https://t.co/k1NcnbcbzG,60,0.0,1.0,0.0,0.0
160,CBSNews,Mon Apr 23 17:36:01 +0000 2018,"RT @CBSEveningNews: Viral video shows white officers in Alabama throwing a black woman to floor at Waffle House, threatening to ""break"" her‚Ä¶",61,0.0,0.855,0.145,-0.5267
161,CBSNews,Mon Apr 23 17:23:33 +0000 2018,WATCH LIVE: French Pres. Emmanuel Macron arrives for first state visit of Trump presidency https://t.co/35Gt6Y2m8O https://t.co/991eClGK1p,62,0.0,1.0,0.0,0.0
162,CBSNews,Mon Apr 23 17:20:24 +0000 2018,"WATCH: Princess Charlotte just became a big sister and she's all smiles. Her dad, Prince William, took her and Prin‚Ä¶ https://t.co/AUCdJ71Ejz",63,0.14,0.86,0.0,0.4767
163,CBSNews,Mon Apr 23 17:10:01 +0000 2018,"Unruly passenger tased, removed from American Airlines flight in Miami https://t.co/YJJMA4cqhc https://t.co/DdUyz7PK0l",64,0.0,1.0,0.0,0.0
164,CBSNews,Mon Apr 23 17:04:15 +0000 2018,"MORE: Duchess Kate, Prince William present newborn baby to public outside of St. Mary's Hospital in London‚Ä¶ https://t.co/X8qehGwIsP",65,0.0,1.0,0.0,0.0
165,CBSNews,Mon Apr 23 17:01:13 +0000 2018,"MOMENTS AGO: Prince William, Duchess Kate leave hospital in London after delivery of baby boy‚Ä¶ https://t.co/WnYZvHXJOm",66,0.0,0.926,0.074,-0.0516
166,CBSNews,Mon Apr 23 16:55:01 +0000 2018,"Bill Cosby trial: Jurors won't hear old deposition testimony from a confidante of Cosby's chief accuser, a judge ru‚Ä¶ https://t.co/ImnBcIWQvp",67,0.0,1.0,0.0,0.0
167,CBSNews,Mon Apr 23 16:54:47 +0000 2018,"""We have a man who has exhibited significant instability and we are concerned for the citizens -- not just here, bu‚Ä¶ https://t.co/CSTgDjO469",68,0.083,0.917,0.0,0.2023
168,CBSNews,Mon Apr 23 16:51:22 +0000 2018,"Officials on whereabouts of Waffle House shooting suspect: ""There have been no confirmed sightings of him, so we do‚Ä¶ https://t.co/hxqGH5O2CY",69,0.0,0.804,0.196,-0.5267
169,CBSNews,Mon Apr 23 16:46:55 +0000 2018,"WATCH LIVE: Authorities continue search for suspect in Tennessee Waffle House shooting, in which four people were k‚Ä¶ https://t.co/r9Keo2sQw9",70,0.0,0.891,0.109,-0.296
170,CBSNews,Mon Apr 23 16:43:43 +0000 2018,RT @CBSThisMorning: New research shows that many once-endangered bookstores are booming again. #WorldBookDay https://t.co/bCGPfthmsZ,71,0.0,1.0,0.0,0.0
171,CBSNews,Mon Apr 23 16:40:37 +0000 2018,Saving enough money to retire can be challenging. Making sure that money lasts a lifetime can be even harder.‚Ä¶ https://t.co/4xHTVDBllx,72,0.187,0.813,0.0,0.4404
172,CBSNews,Mon Apr 23 16:25:01 +0000 2018,Connecticut university shuts down for the day after unidentified viral-like illness sickens about 100 students‚Ä¶ https://t.co/IdRIfeuvP1,73,0.0,0.711,0.289,-0.6908
173,CBSNews,Mon Apr 23 16:10:01 +0000 2018,E. coli outbreak has infected at least 64 people in 16 states; CDC says if you don't know source of romaine lettuce‚Ä¶ https://t.co/DHdhkEYAmP,74,0.0,0.873,0.127,-0.4939
174,CBSNews,Mon Apr 23 15:55:37 +0000 2018,"Shania Twain is now scaling back comments about President Trump she made in an interview with the Guardian: ""The qu‚Ä¶ https://t.co/g6eJxvIOtt",75,0.0,1.0,0.0,0.0
175,CBSNews,Mon Apr 23 15:40:31 +0000 2018,Harley-Davidson's summer internship offers more than just experience -- hired students will also be given their ver‚Ä¶ https://t.co/bF9GYhB3t8,76,0.0,1.0,0.0,0.0
176,CBSNews,Mon Apr 23 15:25:43 +0000 2018,WATCH: Two children who got caught in a dangerous rip current in California need rescuing from lifeguards. Here are‚Ä¶ https://t.co/zpbzAjX3s1,77,0.0,0.853,0.147,-0.4767
177,CBSNews,Mon Apr 23 15:10:55 +0000 2018,"Autopsies reportedly revealed nothing suspicious in the death of EDM pioneer and DJ Avicii, who passed away at age‚Ä¶ https://t.co/Y3mlnGDBQb",78,0.088,0.75,0.162,-0.4195
178,CBSNews,Mon Apr 23 14:30:01 +0000 2018,"Ex-NFL player Jay Feely says photo of daughter, prom date and gun was a ""joke"" https://t.co/o9ddB5vog8 https://t.co/kR9CWpXzZR",79,0.0,0.862,0.138,-0.34
179,CBSNews,Mon Apr 23 14:15:01 +0000 2018,"32 Chinese nationals were among those killed in bus crash south of Pyongyang, North Korea, China's foreign ministry‚Ä¶ https://t.co/h1aiQKIhGn",80,0.0,0.702,0.298,-0.802
180,CBSNews,Mon Apr 23 14:00:02 +0000 2018,The Supreme Court's first dive into Trump Administration policy is a dispute over the third and latest version of t‚Ä¶ https://t.co/HYvJ6afAL5,81,0.148,0.741,0.111,0.2263
181,CBSNews,Mon Apr 23 13:45:01 +0000 2018,The billionaire Koch brothers' network success in President Trump's era draws Democratic pushback‚Ä¶ https://t.co/MOo9DJENUW,82,0.222,0.778,0.0,0.5719
182,CBSNews,Mon Apr 23 13:30:01 +0000 2018,President Trump to host administration's first glitzy state dinner for French President Emmanuel Macron‚Ä¶ https://t.co/3nQFxvK74O,83,0.0,1.0,0.0,0.0
183,CBSNews,Mon Apr 23 13:15:34 +0000 2018,"Catherine, Duchess of Cambridge, or Kate, as she's known to most of the world, delivered she and Prince William's t‚Ä¶ https://t.co/OL8htRhPXm",84,0.0,1.0,0.0,0.0
184,CBSNews,Mon Apr 23 13:01:01 +0000 2018,It's time for Trump's doctor to be examined: Dr. Ronny Jackson is heading toward the Senate for a hearing Wednesday‚Ä¶ https://t.co/V28DubIbhw,85,0.0,1.0,0.0,0.0
185,CBSNews,Mon Apr 23 12:46:31 +0000 2018,"New research shows that many once-endangered bookstores are booming again. Between 2009 and 2015, more than 570 ind‚Ä¶ https://t.co/XGNVnSQXBb",86,0.0,1.0,0.0,0.0
186,CBSNews,Mon Apr 23 12:41:01 +0000 2018,New video shows Syracuse frat members pretending to sexually assault disabled man; 18 students face possible expuls‚Ä¶ https://t.co/XMVjNOtxVB,87,0.066,0.755,0.179,-0.5267
187,CBSNews,Mon Apr 23 12:36:55 +0000 2018,The toll from Alzheimer's is growing in the U.S. More than 5 million people suffer from the disease. That number is‚Ä¶ https://t.co/n2TfrSiP8m,88,0.122,0.735,0.143,-0.3612
188,CBSNews,Mon Apr 23 12:35:30 +0000 2018,Here‚Äôs a look at some of this morning‚Äôs headlines on @CBSThisMorning https://t.co/2hiRqcSpUz,89,0.0,1.0,0.0,0.0
189,CBSNews,Mon Apr 23 12:34:34 +0000 2018,The photographer who snapped the engagement photos of Prince Harry and Meghan Markle will be back behind the lens f‚Ä¶ https://t.co/zivF4ko5d3,90,0.13,0.87,0.0,0.4588
190,CBSNews,Mon Apr 23 12:21:01 +0000 2018,Senate Foreign Relations Committee to vote on Mike Pompeo secretary of state confirmation amid rare opposition‚Ä¶ https://t.co/4VozOnOvuj,91,0.0,1.0,0.0,0.0
191,CBSNews,Mon Apr 23 12:17:18 +0000 2018,"""Us vs. Them: The Failure of Globalism"" is a new book by Ian Bremmer that looks at some of the consequences of incr‚Ä¶ https://t.co/Huuq1m07zb",92,0.0,0.87,0.13,-0.5106
192,CBSNews,Mon Apr 23 12:12:47 +0000 2018,"Duchess Kate gave birth to a baby boy at 11:00 a.m. in London. Prince William was present for the birth, and Her Ro‚Ä¶ https://t.co/56wGQYXeIJ",93,0.0,1.0,0.0,0.0
193,CBSNews,Mon Apr 23 12:07:35 +0000 2018,"JUST IN: Duchess Kate and Prince William have welcomed a baby boy on Monday. The baby weighs 8 lbs. 7oz. ""Her Royal‚Ä¶ https://t.co/M9Cn1KTpIy",94,0.107,0.893,0.0,0.34
194,CBSNews,Mon Apr 23 12:01:42 +0000 2018,"The royal baby is on the way. Duchess Kate went into the ""early stages of labor"" on Monday and was admitted to the‚Ä¶ https://t.co/JQyEDcjgHU",95,0.057,0.943,0.0,0.1027
195,CBSNews,Mon Apr 23 11:43:39 +0000 2018,"Federal health officials warn you not to eat any romaine lettuce unless you know where it's from, as the e-coli out‚Ä¶ https://t.co/4uJolg5vqN",96,0.0,0.938,0.062,-0.1027
196,CBSNews,Mon Apr 23 11:41:01 +0000 2018,New York State health officials issue measles warning for tri-state area https://t.co/VyubVJ6PDJ https://t.co/oCn6dhTRta,97,0.0,0.833,0.167,-0.34
197,CBSNews,Mon Apr 23 11:39:10 +0000 2018,"The professor who sold tens millions of Facebook users‚Äô personal data to Cambridge Analytica, is apologizing. In an‚Ä¶ https://t.co/23DiNHYknJ",98,0.0,0.933,0.067,-0.0772
198,CBSNews,Mon Apr 23 11:34:09 +0000 2018,"A second disturbing video of Syracuse University fraternity members was published online over the weekend, as 18 st‚Ä¶ https://t.co/ZGRByMG1rC",99,0.0,0.837,0.163,-0.5106
199,CBSNews,Mon Apr 23 11:33:10 +0000 2018,"Here are three things you should know this morning:
1‚É£Southwest Airlines engine inspections
2‚É£Net neutrality ends‚Ä¶ https://t.co/sVh4SThcuq",100,0.0,1.0,0.0,0.0
200,cnn,Mon Apr 23 23:43:44 +0000 2018,Republican Debbie Lesko is favored to win over Democrat Hiral Tipirneni in the Arizona special election to replace‚Ä¶ https://t.co/obqBhjvmlA,1,0.368,0.632,0.0,0.8519
201,cnn,Mon Apr 23 23:36:37 +0000 2018,"French Pres. Emmanuel Macron and his wife, Brigitte, joined Pres.Trump and first lady Melania Trump to plant a tree‚Ä¶ https://t.co/8ZyLRN1ls0",2,0.0,1.0,0.0,0.0
202,cnn,Mon Apr 23 23:19:20 +0000 2018,"Mike Pompeo, President Donald Trump's nominee to be secretary of state, advanced out of committee with a favorable‚Ä¶ https://t.co/0gfkfJuDxh",3,0.105,0.895,0.0,0.25
203,cnn,Mon Apr 23 23:13:04 +0000 2018,"The family of superstar DJ and producer Avicii says they are grateful for the ""support and the loving words"" follow‚Ä¶ https://t.co/zpxpKtZznW",4,0.348,0.652,0.0,0.8625
204,cnn,Mon Apr 23 23:09:49 +0000 2018,"Google parent Alphabet's profits hit $9.4 billion in the first three months of 2017, up from $5.4 billion a year ea‚Ä¶ https://t.co/LKJ2NrRyD2",5,0.127,0.873,0.0,0.4404
205,cnn,Mon Apr 23 22:54:07 +0000 2018,JUST IN: Statement by the office of George H.W. Bush says the former President was admitted to the hospital Sunday‚Ä¶ https://t.co/Ew4POH8TsL,6,0.065,0.935,0.0,0.1027
206,cnn,Mon Apr 23 22:49:42 +0000 2018,"BREAKING: Former President George H.W. Bush is in intensive care, CNN has learned https://t.co/Y0luasEgCd https://t.co/GqqCkhbRGP",7,0.186,0.814,0.0,0.4939
207,cnn,Mon Apr 23 22:43:19 +0000 2018,Fox News host Sean Hannity allegedly received help from the US Department for Housing and Urban Development to carr‚Ä¶ https://t.co/27VACKbyCQ,8,0.124,0.876,0.0,0.4019
208,cnn,Mon Apr 23 22:37:21 +0000 2018,"Does the President using his personal cell phone put him at risk? 

Rep. Will Hurd: ""I wouldn't be using that""‚Ä¶ https://t.co/yvx14RWMhC",9,0.0,0.905,0.095,-0.2732
209,cnn,Mon Apr 23 22:35:24 +0000 2018,"President Trump is increasingly relying on his personal cell phone to contact outside advisers, multiple sources in‚Ä¶ https://t.co/bY3v89IM1R",10,0.0,1.0,0.0,0.0
210,cnn,Mon Apr 23 22:26:54 +0000 2018,President Donald Trump is increasingly agitated at the slow pace of confirmations in the Senate and has blasted Dem‚Ä¶ https://t.co/tN7qeDRd5z,11,0.0,0.864,0.136,-0.4588
211,cnn,Mon Apr 23 22:15:05 +0000 2018,"America's gun violence problem is evident nationwide, but a new study reveals that how different groups of people a‚Ä¶ https://t.co/IDypPrPuxk",12,0.0,0.724,0.276,-0.6249
212,cnn,Mon Apr 23 21:51:01 +0000 2018,"Following their arrival at the White House, French President Macron and his wife joined President Trump and the fir‚Ä¶ https://t.co/FmRHvu2ziC",13,0.0,1.0,0.0,0.0
213,cnn,Mon Apr 23 21:49:50 +0000 2018,President Trump and first lady Melania Trump greet French President Emmanuel Macron and his wife Brigitte at the Wh‚Ä¶ https://t.co/xQuXZRljxB,14,0.108,0.892,0.0,0.3182
214,cnn,Mon Apr 23 21:31:32 +0000 2018,"Sen. Rand Paul will change his vote and recommend Mike Pompeo to be secretary of state, keeping Pompeo from a histo‚Ä¶ https://t.co/DDaeKIzBNw",15,0.111,0.889,0.0,0.3612
215,cnn,Mon Apr 23 21:26:12 +0000 2018,"JUST IN: Sen. Rand Paul has announced that he will support the nomination of Mike Pompeo to be secretary of state,‚Ä¶ https://t.co/qM6PXb4WCN",16,0.114,0.886,0.0,0.4019
216,cnn,Mon Apr 23 21:13:11 +0000 2018,"Duchess Catherine stepped out literally hours after giving birth, and people are awed https://t.co/P3J0ovof6Z https://t.co/cLaQgfkB9V",17,0.146,0.854,0.0,0.34
217,cnn,Mon Apr 23 21:07:58 +0000 2018,"RT @CNNSitRoom: At least nine people killed and 16 injured in Toronto after a van drives into pedestrians on a busy street, officials say h‚Ä¶",18,0.0,0.745,0.255,-0.802
218,cnn,Mon Apr 23 21:07:32 +0000 2018,"President Trump is increasingly relying on his personal cell phone to contact outside advisers, sources say, as Tru‚Ä¶ https://t.co/yk9MnK6W6W",19,0.0,1.0,0.0,0.0
219,cnn,Mon Apr 23 20:56:08 +0000 2018,"At least nine people were killed and 16 injured in Toronto when a van drove into pedestrians on a busy street, a po‚Ä¶ https://t.co/KxBZrM0MEi",20,0.0,0.725,0.275,-0.802
220,cnn,Mon Apr 23 23:43:44 +0000 2018,Republican Debbie Lesko is favored to win over Democrat Hiral Tipirneni in the Arizona special election to replace‚Ä¶ https://t.co/obqBhjvmlA,21,0.368,0.632,0.0,0.8519
221,cnn,Mon Apr 23 23:36:37 +0000 2018,"French Pres. Emmanuel Macron and his wife, Brigitte, joined Pres.Trump and first lady Melania Trump to plant a tree‚Ä¶ https://t.co/8ZyLRN1ls0",22,0.0,1.0,0.0,0.0
222,cnn,Mon Apr 23 23:19:20 +0000 2018,"Mike Pompeo, President Donald Trump's nominee to be secretary of state, advanced out of committee with a favorable‚Ä¶ https://t.co/0gfkfJuDxh",23,0.105,0.895,0.0,0.25
223,cnn,Mon Apr 23 23:13:04 +0000 2018,"The family of superstar DJ and producer Avicii says they are grateful for the ""support and the loving words"" follow‚Ä¶ https://t.co/zpxpKtZznW",24,0.348,0.652,0.0,0.8625
224,cnn,Mon Apr 23 23:09:49 +0000 2018,"Google parent Alphabet's profits hit $9.4 billion in the first three months of 2017, up from $5.4 billion a year ea‚Ä¶ https://t.co/LKJ2NrRyD2",25,0.127,0.873,0.0,0.4404
225,cnn,Mon Apr 23 22:54:07 +0000 2018,JUST IN: Statement by the office of George H.W. Bush says the former President was admitted to the hospital Sunday‚Ä¶ https://t.co/Ew4POH8TsL,26,0.065,0.935,0.0,0.1027
226,cnn,Mon Apr 23 22:49:42 +0000 2018,"BREAKING: Former President George H.W. Bush is in intensive care, CNN has learned https://t.co/Y0luasEgCd https://t.co/GqqCkhbRGP",27,0.186,0.814,0.0,0.4939
227,cnn,Mon Apr 23 22:43:19 +0000 2018,Fox News host Sean Hannity allegedly received help from the US Department for Housing and Urban Development to carr‚Ä¶ https://t.co/27VACKbyCQ,28,0.124,0.876,0.0,0.4019
228,cnn,Mon Apr 23 22:37:21 +0000 2018,"Does the President using his personal cell phone put him at risk? 

Rep. Will Hurd: ""I wouldn't be using that""‚Ä¶ https://t.co/yvx14RWMhC",29,0.0,0.905,0.095,-0.2732
229,cnn,Mon Apr 23 22:35:24 +0000 2018,"President Trump is increasingly relying on his personal cell phone to contact outside advisers, multiple sources in‚Ä¶ https://t.co/bY3v89IM1R",30,0.0,1.0,0.0,0.0
230,cnn,Mon Apr 23 22:26:54 +0000 2018,President Donald Trump is increasingly agitated at the slow pace of confirmations in the Senate and has blasted Dem‚Ä¶ https://t.co/tN7qeDRd5z,31,0.0,0.864,0.136,-0.4588
231,cnn,Mon Apr 23 22:15:05 +0000 2018,"America's gun violence problem is evident nationwide, but a new study reveals that how different groups of people a‚Ä¶ https://t.co/IDypPrPuxk",32,0.0,0.724,0.276,-0.6249
232,cnn,Mon Apr 23 21:51:01 +0000 2018,"Following their arrival at the White House, French President Macron and his wife joined President Trump and the fir‚Ä¶ https://t.co/FmRHvu2ziC",33,0.0,1.0,0.0,0.0
233,cnn,Mon Apr 23 21:49:50 +0000 2018,President Trump and first lady Melania Trump greet French President Emmanuel Macron and his wife Brigitte at the Wh‚Ä¶ https://t.co/xQuXZRljxB,34,0.108,0.892,0.0,0.3182
234,cnn,Mon Apr 23 21:31:32 +0000 2018,"Sen. Rand Paul will change his vote and recommend Mike Pompeo to be secretary of state, keeping Pompeo from a histo‚Ä¶ https://t.co/DDaeKIzBNw",35,0.111,0.889,0.0,0.3612
235,cnn,Mon Apr 23 21:26:12 +0000 2018,"JUST IN: Sen. Rand Paul has announced that he will support the nomination of Mike Pompeo to be secretary of state,‚Ä¶ https://t.co/qM6PXb4WCN",36,0.114,0.886,0.0,0.4019
236,cnn,Mon Apr 23 21:13:11 +0000 2018,"Duchess Catherine stepped out literally hours after giving birth, and people are awed https://t.co/P3J0ovof6Z https://t.co/cLaQgfkB9V",37,0.146,0.854,0.0,0.34
237,cnn,Mon Apr 23 21:07:58 +0000 2018,"RT @CNNSitRoom: At least nine people killed and 16 injured in Toronto after a van drives into pedestrians on a busy street, officials say h‚Ä¶",38,0.0,0.745,0.255,-0.802
238,cnn,Mon Apr 23 21:07:32 +0000 2018,"President Trump is increasingly relying on his personal cell phone to contact outside advisers, sources say, as Tru‚Ä¶ https://t.co/yk9MnK6W6W",39,0.0,1.0,0.0,0.0
239,cnn,Mon Apr 23 20:56:08 +0000 2018,"At least nine people were killed and 16 injured in Toronto when a van drove into pedestrians on a busy street, a po‚Ä¶ https://t.co/KxBZrM0MEi",40,0.0,0.725,0.275,-0.802
240,cnn,Mon Apr 23 20:42:54 +0000 2018,Officials in Toronto give an update on the investigation into the driver who hit multiple pedestrians with a van. W‚Ä¶ https://t.co/BCNrq0oeNT,41,0.0,1.0,0.0,0.0
241,cnn,Mon Apr 23 20:38:55 +0000 2018,Aluminum stocks are plunging after the United States said it would consider relaxing sanctions against a Russian co‚Ä¶ https://t.co/ZwLgrzCSR7,42,0.273,0.727,0.0,0.7184
242,cnn,Mon Apr 23 20:33:27 +0000 2018,"After a van strikes pedestrians in Toronto, a law enforcement official briefed on the situation tells CNN the incid‚Ä¶ https://t.co/tC9YD0N7fP",43,0.0,0.872,0.128,-0.3612
243,cnn,Mon Apr 23 20:32:03 +0000 2018,"President Trump is increasingly relying on his personal cell phone to contact outside advisers, multiple sources in‚Ä¶ https://t.co/TdQDss0Fys",44,0.0,1.0,0.0,0.0
244,cnn,Mon Apr 23 20:23:46 +0000 2018,"After a van strikes pedestrians in Toronto, a law enforcement official briefed on the situation tells CNN the incid‚Ä¶ https://t.co/jXFd0f6ahM",45,0.0,0.872,0.128,-0.3612
245,cnn,Mon Apr 23 20:18:38 +0000 2018,Syracuse University has removed 18 students from regular classes and started disciplinary proceedings against them‚Ä¶ https://t.co/KZLU9wL6iP,46,0.0,1.0,0.0,0.0
246,cnn,Mon Apr 23 19:58:59 +0000 2018,"""To think that that was going to probably be one of our last conversations ... it's just unreal right now."" - Abede‚Ä¶ https://t.co/78enlS9nGI",47,0.0,1.0,0.0,0.0
247,cnn,Mon Apr 23 19:54:03 +0000 2018,"Did Michael Flynn Jr. just reveal something very, very important about the Russia investigation? | Analysis by‚Ä¶ https://t.co/2tWYuRELI7",48,0.129,0.871,0.0,0.3338
248,cnn,Mon Apr 23 19:51:00 +0000 2018,"""Our thoughts are with all those affected by the terrible incident at Yonge and Finch in Toronto. Thank you to the‚Ä¶ https://t.co/g4BBGBXbB3",49,0.095,0.725,0.179,-0.296
249,cnn,Mon Apr 23 19:23:49 +0000 2018,"Nashville police are crediting a ""citizen's tip"" for leading them to the suspect in the Waffle House shooting‚Ä¶ https://t.co/YExerzDqSc",50,0.081,0.808,0.111,-0.1531
250,cnn,Mon Apr 23 19:06:42 +0000 2018,Nashville police discuss the capture of the suspect in the deadly Waffle House shooting. Watch CNN:‚Ä¶ https://t.co/jbNwb4ZvCf,51,0.0,0.879,0.121,-0.296
251,cnn,Mon Apr 23 18:59:45 +0000 2018,The story behind that viral photo of the past 4 presidents all in the same place https://t.co/N6KOFlky3K https://t.co/k2PmQh0Eln,52,0.0,1.0,0.0,0.0
252,cnn,Mon Apr 23 18:29:56 +0000 2018,"Toronto police tell CNN partner CBC that the driver of the van has been arrested and the van has been located.

Fol‚Ä¶ https://t.co/ndv5TGXQ2e",53,0.0,0.876,0.124,-0.4767
253,cnn,Mon Apr 23 18:24:30 +0000 2018,Former President Obama will deliver a high-profile address in July marking the 100th anniversary of Nelson Mandela'‚Ä¶ https://t.co/Nh0s0vCpvj,54,0.0,1.0,0.0,0.0
254,cnn,Mon Apr 23 18:11:11 +0000 2018,"BREAKING: The Waffle House shooting suspect, accused of killing four people over the weekend, is now in custody, ar‚Ä¶ https://t.co/kVeWKwcSOn",55,0.0,0.659,0.341,-0.8316
255,cnn,Mon Apr 23 18:10:55 +0000 2018,Here's a look at what President Trump said at Mar-a-Lago last week compared to some previously aired clips from Fox‚Ä¶ https://t.co/hA6r1GzSp7,56,0.0,1.0,0.0,0.0
256,cnn,Mon Apr 23 18:08:41 +0000 2018,"JUST IN: A van has collided with numerous pedestrians in Toronto, Canada, according to police. The extent of the in‚Ä¶ https://t.co/gAQ8tk4vaj",57,0.0,1.0,0.0,0.0
257,cnn,Mon Apr 23 18:01:34 +0000 2018,"White House press secretary Sarah Sanders: ‚ÄúAs we‚Äôve said many times before, we have no intention of firing the spe‚Ä¶ https://t.co/whUdcuNhTP",58,0.0,0.805,0.195,-0.5574
258,cnn,Mon Apr 23 18:00:16 +0000 2018,Angry shareholders and protesters are ready to unload on Wells Fargo https://t.co/AWkFblAB2P https://t.co/a9PMRgv0SU,59,0.241,0.481,0.278,-0.1779
259,cnn,Mon Apr 23 17:50:05 +0000 2018,"Mike Pompeo, Trump's pick to be secretary of state, is facing a key committee vote this evening‚Ä¶ https://t.co/7rDge948Wh",60,0.0,1.0,0.0,0.0
260,cnn,Mon Apr 23 17:48:32 +0000 2018,RT @CNNPolitics: White House press secretary Sarah Sanders: ‚ÄúWe‚Äôre going to continue the maximum pressure campaign that has been ongoing to‚Ä¶,61,0.0,0.901,0.099,-0.296
261,cnn,Mon Apr 23 17:41:51 +0000 2018,"White House press secretary Sarah Sanders is holding a briefing.

Watch on CNN: https://t.co/InbdOHFPTK

Follow liv‚Ä¶ https://t.co/E6nRZicufs",62,0.0,1.0,0.0,0.0
262,cnn,Mon Apr 23 17:35:04 +0000 2018,"Kamala Harris changes course, saying she will join other leading Democrats in rejecting corporate PAC money‚Ä¶ https://t.co/ICAKwwmi9G",63,0.109,0.743,0.149,-0.2023
263,cnn,Mon Apr 23 17:25:06 +0000 2018,The 2018 election is going to be a referendum on Hillary Clinton? | Analysis by @CillizzaCNN https://t.co/R7A90dZMdG https://t.co/zk5GCifvX0,64,0.0,1.0,0.0,0.0
264,cnn,Mon Apr 23 17:16:05 +0000 2018,Some Southern states are observing Confederate Memorial Day today https://t.co/pXM0KWlXGu https://t.co/29wwtsX5XB,65,0.0,1.0,0.0,0.0
265,cnn,Mon Apr 23 17:05:47 +0000 2018,"Prince William and Catherine, Duchess of Cambridge, appear outside a London hospital after she gave birth to their‚Ä¶ https://t.co/Sik27ex8NZ",66,0.0,1.0,0.0,0.0
266,cnn,Mon Apr 23 16:47:53 +0000 2018,Nashville Police: ‚ÄúThere have been no confirmed sightings of [the suspected Waffle House shooter] so we don‚Äôt know‚Ä¶ https://t.co/uDp3eLOgeu,67,0.0,0.806,0.194,-0.4767
267,cnn,Mon Apr 23 16:44:22 +0000 2018,"Officials in Tennessee are holding a briefing with the latest on the search for Travis Reinking, who is suspected o‚Ä¶ https://t.co/8zbbN4mOwB",68,0.0,0.909,0.091,-0.2263
268,cnn,Mon Apr 23 16:40:59 +0000 2018,Michael Jackson's famous moonwalk shoes are going up for auction https://t.co/42MeaVnU0m https://t.co/X4uslEmcZf,69,0.0,1.0,0.0,0.0
269,cnn,Mon Apr 23 16:29:03 +0000 2018,The Waffle House shooting suspect had his guns taken away -- twice https://t.co/qZwcEMVzff,70,0.0,0.845,0.155,-0.296
270,cnn,Mon Apr 23 16:19:23 +0000 2018,Former President Obama will deliver a high-profile address in July marking the 100th anniversary of Nelson Mandela'‚Ä¶ https://t.co/g2Pt55KJiE,71,0.0,1.0,0.0,0.0
271,cnn,Mon Apr 23 16:05:51 +0000 2018,Princess Charlotte showed off her royal wave as she arrived at St. Mary's Hospital to meet her new little brother‚Ä¶ https://t.co/93hrOAaQ0o,72,0.0,1.0,0.0,0.0
272,cnn,Mon Apr 23 15:59:08 +0000 2018,"Prince George and Princess Charlotte have arrived at the hospital to see their new brother, the #royalbaby who was‚Ä¶ https://t.co/HmsTPxzE8L",73,0.0,1.0,0.0,0.0
273,cnn,Mon Apr 23 15:42:46 +0000 2018,The Waffle House shooting suspect thought Taylor Swift was stalking him and showed other signs of delusion https://t.co/Y4Gd241ZfT,74,0.09,0.8,0.11,-0.1027
274,cnn,Mon Apr 23 15:30:09 +0000 2018,Fox News host Sean Hannity allegedly received help from the US Department for Housing and Urban Development to carr‚Ä¶ https://t.co/5b9xW1t50X,75,0.124,0.876,0.0,0.4019
275,cnn,Mon Apr 23 15:20:00 +0000 2018,"Here's the official announcement of the #royalbaby's birth, posted outside Buckingham Palace https://t.co/GNgRP1k03r https://t.co/Lpoa5Sp4mH",76,0.0,1.0,0.0,0.0
276,cnn,Mon Apr 23 15:13:07 +0000 2018,Kellyanne Conway was dead wrong when she tried to play the gender card this weekend | Analysis by @CillizzaCNN‚Ä¶ https://t.co/TGfq4wO1d1,77,0.093,0.62,0.287,-0.7184
277,cnn,Mon Apr 23 15:02:49 +0000 2018,"""There's no need"" for President Trump to pardon his personal attorney Michael Cohen, the White House Legislative Af‚Ä¶ https://t.co/ijmzqxXZv5",78,0.107,0.791,0.102,0.0258
278,cnn,Mon Apr 23 14:50:08 +0000 2018,This vegetarian company wants to disrupt China's pork industry https://t.co/WtxghnLhiv https://t.co/fBG10lc1z3,79,0.0,1.0,0.0,0.0
279,cnn,Mon Apr 23 14:40:13 +0000 2018,"Ohio Gov. John Kasich announces he plans to ""take action"" to improve the state's ability to keep guns away from cri‚Ä¶ https://t.co/a4xuXtsWnf",80,0.206,0.794,0.0,0.6369
280,cnn,Mon Apr 23 14:30:04 +0000 2018,"After an argument with his mom, this 12-year-old boy used his mom's credit card and flew to Bali on his own‚Ä¶ https://t.co/floHGeg229",81,0.104,0.797,0.1,0.0258
281,cnn,Mon Apr 23 14:20:12 +0000 2018,"""Maybe he should just go and play golf and enjoy his fortune"": Ivana Trump says she doesn't think it's necessary fo‚Ä¶ https://t.co/4n80hBfrW0",82,0.219,0.781,0.0,0.6808
282,cnn,Mon Apr 23 14:10:08 +0000 2018,Russia amps up pressure on Trump to honor Iran nuclear deal https://t.co/931H1NKroJ https://t.co/zJ94jWJGv7,83,0.195,0.671,0.134,0.25
283,cnn,Mon Apr 23 14:00:30 +0000 2018,Shania Twain apologizes after saying she would have voted for Trump https://t.co/u7PzYJ8oqI https://t.co/0z8OlK5j11,84,0.172,0.828,0.0,0.3612
284,cnn,Mon Apr 23 13:50:06 +0000 2018,Former President Obama will deliver a high-profile address in July marking the 100th anniversary of Nelson Mandela'‚Ä¶ https://t.co/zQnztvUnuU,85,0.0,1.0,0.0,0.0
285,cnn,Mon Apr 23 13:40:05 +0000 2018,"Police continue to search for Travis Reinking, who is suspected of killing four people at a Nashville-area Waffle H‚Ä¶ https://t.co/I3WD4aVYzw",86,0.0,0.73,0.27,-0.743
286,cnn,Mon Apr 23 13:30:07 +0000 2018,Fox News host Sean Hannity allegedly received help from the US Department for Housing and Urban Development to carr‚Ä¶ https://t.co/k37SAe6bRq,87,0.124,0.876,0.0,0.4019
287,cnn,Mon Apr 23 13:21:18 +0000 2018,"While Trump vented, they paid their respects | Analysis by @StCollinson https://t.co/YJVdhJgIxs https://t.co/bJuiefGUOv",88,0.173,0.827,0.0,0.3182
288,cnn,Mon Apr 23 13:10:07 +0000 2018,At least 33 people were killed and 41 wounded after airstrikes hit a wedding party in northwest Yemen on Sunday nig‚Ä¶ https://t.co/QfqllZtbut,89,0.103,0.725,0.172,-0.4215
289,cnn,Mon Apr 23 13:00:04 +0000 2018,Why is President Trump always SHOUTING in his tweets? | @ruthbenghiat for @CNNopinion https://t.co/WVJZy67X0F https://t.co/JGVtivEKdv,90,0.0,1.0,0.0,0.0
290,cnn,Mon Apr 23 12:56:21 +0000 2018,It may be a while before we find out the name of the Duke and Duchess of Cambridge's third child #royalbaby https://t.co/54tZpkvXYP,91,0.0,1.0,0.0,0.0
291,cnn,Mon Apr 23 12:53:58 +0000 2018,"At Barbara Bush's funeral, former President George H.W. Bush wore black socks decorated with a stack of blue, read‚Ä¶ https://t.co/1QrPYfN1JI",92,0.0,0.878,0.122,-0.3612
292,cnn,Mon Apr 23 12:46:09 +0000 2018,Four presidents come together to pay tribute to former first lady Barbara Bush https://t.co/HoJCP2p9f5 https://t.co/80HZuY0wJi,93,0.0,0.909,0.091,-0.1027
293,cnn,Mon Apr 23 12:30:54 +0000 2018,The new #royalbaby is Queen Elizabeth II's sixth great-grandchild https://t.co/fnw5nepVqC https://t.co/RediQrE9jN,94,0.0,1.0,0.0,0.0
294,cnn,Mon Apr 23 12:30:10 +0000 2018,"How an 'ugly,' unwanted weapon became the most popular rifle in America https://t.co/cHNpymoOF5 https://t.co/jHlfFO7w12",95,0.17,0.605,0.225,-0.0018
295,cnn,Mon Apr 23 12:26:11 +0000 2018,"The Duchess and the new prince are both doing well, Kensington Palace confirms https://t.co/fnw5nepVqC",96,0.139,0.861,0.0,0.2732
296,cnn,Mon Apr 23 12:22:27 +0000 2018,"The new Prince will be fifth in line to the throne, after his siblings Prince George and Princess Charlotte. Charlo‚Ä¶ https://t.co/7RGt3rR3hr",97,0.0,1.0,0.0,0.0
297,cnn,Mon Apr 23 12:21:16 +0000 2018,The Waffle House shooting suspect thought Taylor Swift was stalking him and showed other signs of delusion https://t.co/sLKTKnklRY,98,0.09,0.8,0.11,-0.1027
298,cnn,Mon Apr 23 12:08:57 +0000 2018,The Duke and Duchess of Cambridge's third child is a boy weighing 8lbs 7oz https://t.co/9SWHz7i5HN,99,0.0,1.0,0.0,0.0
299,cnn,Mon Apr 23 12:07:00 +0000 2018,JUST IN: The #royalbaby has arrived and it's a boy https://t.co/Yp3tWGvjdU https://t.co/mTCi5B3BU6,100,0.0,1.0,0.0,0.0
300,FoxNews,Mon Apr 23 23:41:18 +0000 2018,"Florida girl, 4, fighting for her life after drinking pool water https://t.co/YRRHeGOB1B",1,0.0,0.815,0.185,-0.3612
301,FoxNews,Mon Apr 23 23:29:32 +0000 2018,Jordan Peterson: 'You Need to Have Respect' for #Trump Supporters https://t.co/kCghajqjEC,2,0.4,0.6,0.0,0.7184
302,FoxNews,Mon Apr 23 23:21:35 +0000 2018,".@LindseyGrahamSC: ‚ÄúWhen it comes to Syria, we need to stay to protect America‚Ä¶You may be tired of fighting radical‚Ä¶ https://t.co/mj6tiMWiWv",3,0.104,0.68,0.216,-0.4215
303,FoxNews,Mon Apr 23 23:12:34 +0000 2018,.@RandPaul: ‚Äú@POTUS shares with me that we need to build some things at home. We need to build some bridges and som‚Ä¶ https://t.co/gPdzRMwXFX,4,0.091,0.909,0.0,0.296
304,FoxNews,Mon Apr 23 23:07:38 +0000 2018,.@RandPaul: ‚Äú#Trump was probably the closest to me on foreign policy of any of the other 16 [candidates] running‚Ä¶I‚Äô‚Ä¶ https://t.co/8ULDJYxSOl,5,0.0,1.0,0.0,0.0
305,FoxNews,Mon Apr 23 22:52:52 +0000 2018,"BREAKING: Former President George H.W. Bush hospitalized after contracting infection, spokesman says https://t.co/ROERqraeVr",6,0.0,1.0,0.0,0.0
306,FoxNews,Mon Apr 23 22:40:33 +0000 2018,OPINION: Mike Pompeo will be a great secretary of state (no matter what Democrats say) https://t.co/Wn0FIQvitp,7,0.286,0.714,0.0,0.6369
307,FoxNews,Mon Apr 23 22:33:34 +0000 2018,BREAKING: Senate panel votes to recommend Mike Pompeo for secretary of state after last-minute wrangling https://t.co/rM2ZnKQ1EU,8,0.143,0.857,0.0,0.3612
308,FoxNews,Mon Apr 23 22:18:37 +0000 2018,.@greggutfeld on the @kanyewest tweets https://t.co/yZDGSgLTRX,9,0.0,1.0,0.0,0.0
309,FoxNews,Mon Apr 23 22:09:09 +0000 2018,Gun-toting Georgia ex-cop foils attempted home ambush https://t.co/nQQMnHgGeK,10,0.0,1.0,0.0,0.0
310,FoxNews,Mon Apr 23 21:58:19 +0000 2018,Mattis optimistic about North Korea after stunning nuclear announcement https://t.co/r89inTfdzt,11,0.38,0.62,0.0,0.5994
311,FoxNews,Mon Apr 23 21:44:40 +0000 2018,"Mike Pompeo likely avoiding committee rebuke, as Paul, Flake offer last-minute support https://t.co/Fu19BVUjcm",12,0.168,0.683,0.149,0.0772
312,FoxNews,Mon Apr 23 21:33:59 +0000 2018,"Louisiana teens stop basketball game, kneel 'out of honor' for passing funeral procession https://t.co/zkzbrgDkUy",13,0.169,0.582,0.249,-0.128
313,FoxNews,Mon Apr 23 21:24:13 +0000 2018,.@POTUS and @FLOTUS welcome French President @EmmanuelMacron and his wife Brigitte to The @WhiteHouse. https://t.co/OWExMh0Toy,14,0.176,0.824,0.0,0.4588
314,FoxNews,Mon Apr 23 21:19:29 +0000 2018,".@KatiePavlich: ‚ÄúOn the issue of diplomacy, Mike Pompeo has essentially already done the job of secretary of state‚Ä¶ https://t.co/q7BGyRD82O",15,0.0,1.0,0.0,0.0
315,FoxNews,Mon Apr 23 21:17:20 +0000 2018,Canadian Prime Minister Justin Trudeau tweeted after a van driver plowed into a group of people in Toronto today. H‚Ä¶ https://t.co/iG6yUD9tG8,16,0.0,1.0,0.0,0.0
316,FoxNews,Mon Apr 23 21:10:24 +0000 2018,"Senate Foreign Relations Committee meets to consider nominations, including Mike Pompeo to be Secretary of State. https://t.co/kLxUOty165",17,0.0,1.0,0.0,0.0
317,FoxNews,Mon Apr 23 20:54:50 +0000 2018,"BREAKING: At least 9 dead, 16 hurt after driver plows van into Toronto crowd https://t.co/WG8u7P8Hvl",18,0.0,0.609,0.391,-0.8271
318,FoxNews,Mon Apr 23 20:53:44 +0000 2018,"Peter Yuen, Toronto Police Deputy Chief: ‚ÄúWe can confirm for you tonight right now we have 9 people that are dead,‚Ä¶ https://t.co/Cb0bRlh05q",19,0.0,1.0,0.0,0.0
319,FoxNews,Mon Apr 23 20:45:36 +0000 2018,"Toronto Mayor @JohnTory: ‚ÄúThis is a time when this community should come together‚Ä¶I hope that we will, as a city, r‚Ä¶ https://t.co/lnaPShEZkd",20,0.132,0.868,0.0,0.4404
320,FoxNews,Mon Apr 23 23:41:18 +0000 2018,"Florida girl, 4, fighting for her life after drinking pool water https://t.co/YRRHeGOB1B",21,0.0,0.815,0.185,-0.3612
321,FoxNews,Mon Apr 23 23:29:32 +0000 2018,Jordan Peterson: 'You Need to Have Respect' for #Trump Supporters https://t.co/kCghajqjEC,22,0.4,0.6,0.0,0.7184
322,FoxNews,Mon Apr 23 23:21:35 +0000 2018,".@LindseyGrahamSC: ‚ÄúWhen it comes to Syria, we need to stay to protect America‚Ä¶You may be tired of fighting radical‚Ä¶ https://t.co/mj6tiMWiWv",23,0.104,0.68,0.216,-0.4215
323,FoxNews,Mon Apr 23 23:12:34 +0000 2018,.@RandPaul: ‚Äú@POTUS shares with me that we need to build some things at home. We need to build some bridges and som‚Ä¶ https://t.co/gPdzRMwXFX,24,0.091,0.909,0.0,0.296
324,FoxNews,Mon Apr 23 23:07:38 +0000 2018,.@RandPaul: ‚Äú#Trump was probably the closest to me on foreign policy of any of the other 16 [candidates] running‚Ä¶I‚Äô‚Ä¶ https://t.co/8ULDJYxSOl,25,0.0,1.0,0.0,0.0
325,FoxNews,Mon Apr 23 22:52:52 +0000 2018,"BREAKING: Former President George H.W. Bush hospitalized after contracting infection, spokesman says https://t.co/ROERqraeVr",26,0.0,1.0,0.0,0.0
326,FoxNews,Mon Apr 23 22:40:33 +0000 2018,OPINION: Mike Pompeo will be a great secretary of state (no matter what Democrats say) https://t.co/Wn0FIQvitp,27,0.286,0.714,0.0,0.6369
327,FoxNews,Mon Apr 23 22:33:34 +0000 2018,BREAKING: Senate panel votes to recommend Mike Pompeo for secretary of state after last-minute wrangling https://t.co/rM2ZnKQ1EU,28,0.143,0.857,0.0,0.3612
328,FoxNews,Mon Apr 23 22:18:37 +0000 2018,.@greggutfeld on the @kanyewest tweets https://t.co/yZDGSgLTRX,29,0.0,1.0,0.0,0.0
329,FoxNews,Mon Apr 23 22:09:09 +0000 2018,Gun-toting Georgia ex-cop foils attempted home ambush https://t.co/nQQMnHgGeK,30,0.0,1.0,0.0,0.0
330,FoxNews,Mon Apr 23 21:58:19 +0000 2018,Mattis optimistic about North Korea after stunning nuclear announcement https://t.co/r89inTfdzt,31,0.38,0.62,0.0,0.5994
331,FoxNews,Mon Apr 23 21:44:40 +0000 2018,"Mike Pompeo likely avoiding committee rebuke, as Paul, Flake offer last-minute support https://t.co/Fu19BVUjcm",32,0.168,0.683,0.149,0.0772
332,FoxNews,Mon Apr 23 21:33:59 +0000 2018,"Louisiana teens stop basketball game, kneel 'out of honor' for passing funeral procession https://t.co/zkzbrgDkUy",33,0.169,0.582,0.249,-0.128
333,FoxNews,Mon Apr 23 21:24:13 +0000 2018,.@POTUS and @FLOTUS welcome French President @EmmanuelMacron and his wife Brigitte to The @WhiteHouse. https://t.co/OWExMh0Toy,34,0.176,0.824,0.0,0.4588
334,FoxNews,Mon Apr 23 21:19:29 +0000 2018,".@KatiePavlich: ‚ÄúOn the issue of diplomacy, Mike Pompeo has essentially already done the job of secretary of state‚Ä¶ https://t.co/q7BGyRD82O",35,0.0,1.0,0.0,0.0
335,FoxNews,Mon Apr 23 21:17:20 +0000 2018,Canadian Prime Minister Justin Trudeau tweeted after a van driver plowed into a group of people in Toronto today. H‚Ä¶ https://t.co/iG6yUD9tG8,36,0.0,1.0,0.0,0.0
336,FoxNews,Mon Apr 23 21:10:24 +0000 2018,"Senate Foreign Relations Committee meets to consider nominations, including Mike Pompeo to be Secretary of State. https://t.co/kLxUOty165",37,0.0,1.0,0.0,0.0
337,FoxNews,Mon Apr 23 20:54:50 +0000 2018,"BREAKING: At least 9 dead, 16 hurt after driver plows van into Toronto crowd https://t.co/WG8u7P8Hvl",38,0.0,0.609,0.391,-0.8271
338,FoxNews,Mon Apr 23 20:53:44 +0000 2018,"Peter Yuen, Toronto Police Deputy Chief: ‚ÄúWe can confirm for you tonight right now we have 9 people that are dead,‚Ä¶ https://t.co/Cb0bRlh05q",39,0.0,1.0,0.0,0.0
339,FoxNews,Mon Apr 23 20:45:36 +0000 2018,"Toronto Mayor @JohnTory: ‚ÄúThis is a time when this community should come together‚Ä¶I hope that we will, as a city, r‚Ä¶ https://t.co/lnaPShEZkd",40,0.132,0.868,0.0,0.4404
340,FoxNews,Mon Apr 23 20:39:56 +0000 2018,Toronto's Mayor @JohnTory and police officials provide an update on the van that plowed into a crowd of pedestrians‚Ä¶ https://t.co/nGaaCcU2SN,41,0.0,1.0,0.0,0.0
341,FoxNews,Mon Apr 23 20:17:42 +0000 2018,The latest details on a van plowing into multiple pedestrians in Toronto. Catherine Herridge reports. https://t.co/70mAHUvFZJ,42,0.0,1.0,0.0,0.0
342,FoxNews,Mon Apr 23 19:56:26 +0000 2018,"Kathleen Wynne, Premier of Ontario: ‚ÄúI think we are all unsettled and very disturbed by a situation like this. I th‚Ä¶ https://t.co/dbqR3aO0aR",43,0.101,0.688,0.21,-0.4005
343,FoxNews,Mon Apr 23 19:46:03 +0000 2018,"Van plows into crowd in Toronto, injuring several, driver in custody, cops say https://t.co/z8olxseLow",44,0.0,1.0,0.0,0.0
344,FoxNews,Mon Apr 23 19:35:32 +0000 2018,"Waffle House shooting suspect arrested, after cops say he stole BMW days before deadly rampage https://t.co/JRVwqyF92Y",45,0.0,0.725,0.275,-0.6486
345,FoxNews,Mon Apr 23 19:30:52 +0000 2018,"DHS boss threatens ‚Äòcaravan‚Äô border-crossers with prosecution, detention, deportation - via @brookefoxnews 
https://t.co/wRdFz7Yw9N",46,0.0,0.52,0.48,-0.8074
346,FoxNews,Mon Apr 23 19:19:02 +0000 2018,Nashville Mayor David Briley: ‚ÄúI‚Äôd like to thank the Metropolitan Police Department and Chief Anderson for all thei‚Ä¶ https://t.co/B45pRwBCBu,47,0.227,0.773,0.0,0.6124
347,FoxNews,Mon Apr 23 19:14:39 +0000 2018,Lt. Carlos Lara of the Metro Nashville Police Dept details how the Waffle House shooting suspect was apprehended by‚Ä¶ https://t.co/hcxQEhhuxH,48,0.0,0.896,0.104,-0.296
348,FoxNews,Mon Apr 23 19:09:40 +0000 2018,"‚ÄúIt was a nightmare.‚Äù

Witness describes scene where van hit crowd https://t.co/p9tqlIm2h9 https://t.co/lyCnqnYzp7",49,0.0,1.0,0.0,0.0
349,FoxNews,Mon Apr 23 19:08:35 +0000 2018,"Official: ‚Äú[The suspect] has been taken to General Hospital to be checked out, and then will be taken to the Nashvi‚Ä¶ https://t.co/gFtc5WLogw",50,0.0,1.0,0.0,0.0
350,FoxNews,Mon Apr 23 19:03:28 +0000 2018,Police hold a news conference after taking the Waffle House shooting suspect into custody.  https://t.co/i2WeZozY07‚Ä¶ https://t.co/5ihwd62Wwt,51,0.0,0.864,0.136,-0.296
351,FoxNews,Mon Apr 23 19:00:56 +0000 2018,Witness describes scene where van hit crowd in Toronto https://t.co/p9tqlIm2h9 https://t.co/0uBAcvKjkv,52,0.0,1.0,0.0,0.0
352,FoxNews,Mon Apr 23 18:41:01 +0000 2018,JUST IN: This new photo shows Tennessee Waffle House shooting suspect Travis Reinking moments after he was taken in‚Ä¶ https://t.co/bnGN07eiu2,53,0.0,0.896,0.104,-0.296
353,FoxNews,Mon Apr 23 18:27:40 +0000 2018,"Breaking News: Suspected driver who plowed into pedestrians in Toronto taken into custody, cops confirm to Fox News https://t.co/x7p5YFZ1p1",54,0.0,0.905,0.095,-0.2263
354,FoxNews,Mon Apr 23 18:10:32 +0000 2018,"Breaking News: Waffle House shooting suspect in custody, police say https://t.co/1UZKwsCIyP",55,0.0,0.82,0.18,-0.296
355,FoxNews,Mon Apr 23 18:01:41 +0000 2018,.@PressSec: ‚ÄúA sovereign nation that cannot defend its borders will no longer be a sovereign nation. The Trump admi‚Ä¶ https://t.co/M7yD9B1oWz,56,0.0,0.891,0.109,-0.296
356,FoxNews,Mon Apr 23 17:55:50 +0000 2018,.@PressSec on North Korea: ‚ÄúCertainly the goal is denuclearization of the peninsula and we‚Äôre going to continue the‚Ä¶ https://t.co/tIeyJJKtQM,57,0.0,1.0,0.0,0.0
357,FoxNews,Mon Apr 23 17:53:31 +0000 2018,"Breaking News: Several people injured when van plows into pedestrians in Toronto, cops say https://t.co/7SmqUkvjSR",58,0.0,0.838,0.162,-0.4019
358,FoxNews,Mon Apr 23 17:50:24 +0000 2018,.@PressSec on Waffle House shooting: ‚ÄúThe president offers his condolences to the victims and their families.‚Äù‚Ä¶ https://t.co/eQfJ1WGgn1,59,0.0,0.874,0.126,-0.3182
359,FoxNews,Mon Apr 23 17:47:22 +0000 2018,.@PressSec on Pompeo: ‚ÄúA majority of Democrats continue their pointless obstruction to score cheap political points‚Ä¶ https://t.co/THLmesaPTT,60,0.0,1.0,0.0,0.0
360,FoxNews,Mon Apr 23 17:40:08 +0000 2018,.@PressSec Sarah Sanders holds a briefing at the @WhiteHouse https://t.co/YKSJ83XGCu,61,0.0,1.0,0.0,0.0
361,FoxNews,Mon Apr 23 17:39:18 +0000 2018,Kate Middleton proudly held her new bundle of joy as she and Prince William left the hospital after welcoming a bab‚Ä¶ https://t.co/EpWFbkSRBm,62,0.364,0.636,0.0,0.8834
362,FoxNews,Mon Apr 23 17:31:20 +0000 2018,"JUST IN: Kate Middleton, Prince William leave hospital after welcoming baby boy https://t.co/JnzMHHvBMB https://t.co/G5um1Mq5uf",63,0.18,0.745,0.075,0.4019
363,FoxNews,Mon Apr 23 17:15:46 +0000 2018,"JUST IN: Alleged Waffle House shooter stole BMW, escaped after police chase days before deadly rampage, police say https://t.co/1UZKwsCIyP",64,0.0,1.0,0.0,0.0
364,FoxNews,Mon Apr 23 17:11:30 +0000 2018,French President @EmmanuelMacron arrives at Joint Base Andrews for Washington visit https://t.co/x0LFPwAmuh,65,0.0,1.0,0.0,0.0
365,FoxNews,Mon Apr 23 17:07:21 +0000 2018,French President @EmmanuelMacron arrives at Andrews Air Force Base for his state visit with @POTUS. https://t.co/MZnjQz4DuE,66,0.0,1.0,0.0,0.0
366,FoxNews,Mon Apr 23 17:03:27 +0000 2018,Prince William and Kate Present New Baby after Leaving Hospital https://t.co/9rg4lztXnL https://t.co/oMt30f843L,67,0.0,1.0,0.0,0.0
367,FoxNews,Mon Apr 23 16:55:55 +0000 2018,Dr. Oz films dramatic video of students fleeing bus engulfed in flames (via @RyanGaydos) https://t.co/9nojIk8rvq,68,0.0,1.0,0.0,0.0
368,FoxNews,Mon Apr 23 16:53:29 +0000 2018,"Prince William and Kate Middleton, the Duchess of Cambridge, appear with their new baby boy outside St. Mary's Hosp‚Ä¶ https://t.co/4HnHuonCq8",69,0.0,1.0,0.0,0.0
369,FoxNews,Mon Apr 23 16:49:31 +0000 2018,Don Aaron: ‚ÄúThe law enforcement presence is continuing significantly. We would urge citizens‚Ä¶ to also be vigilant.‚Äù‚Ä¶ https://t.co/cOyPzkSZ8f,70,0.0,1.0,0.0,0.0
370,FoxNews,Mon Apr 23 16:29:04 +0000 2018,"Penn State calls 'outing club' too risky, bans it from going outside https://t.co/q0t1gQ0O4b",71,0.0,0.87,0.13,-0.2023
371,FoxNews,Mon Apr 23 16:17:04 +0000 2018,"Prince William arrives at St. Mary‚Äôs Hospital with his children, Prince George and Princess Charlotte, to see their‚Ä¶ https://t.co/enWuCaisHA",72,0.0,1.0,0.0,0.0
372,FoxNews,Mon Apr 23 16:16:10 +0000 2018,RT @FoxBusiness: .@harleydavidson to give free motorcycles to summer interns https://t.co/AVyzptjPPQ,73,0.248,0.752,0.0,0.5106
373,FoxNews,Mon Apr 23 16:04:38 +0000 2018,"NRA blasts YETI after outdoor sports company cuts ties with gun group, report says https://t.co/cqvOCgjv24",74,0.0,0.739,0.261,-0.5574
374,FoxNews,Mon Apr 23 15:48:49 +0000 2018,.@Jim_Jordan: ‚ÄúThe relationship between Congress and the DOJ is not where it needs to be.‚Äù https://t.co/zF8yi4mEjt,75,0.0,1.0,0.0,0.0
375,FoxNews,Mon Apr 23 15:47:07 +0000 2018,".@Jim_Jordan on James Comey: ‚ÄúI think all throughout this process, he has been wrong.‚Äù https://t.co/sr85EmwT6f",76,0.0,1.0,0.0,0.0
376,FoxNews,Mon Apr 23 15:35:58 +0000 2018,Kate Middleton gives birth to baby boy https://t.co/k3iAmxuadM #RoyalBaby https://t.co/k3Wt90Jcd6,77,0.0,1.0,0.0,0.0
377,FoxNews,Mon Apr 23 15:28:54 +0000 2018,Pavlich Slams DNC's Trump-Russia Lawsuit: 'They're Desperate' https://t.co/fUH5YM2gnI,78,0.0,0.588,0.412,-0.4939
378,FoxNews,Mon Apr 23 15:26:48 +0000 2018,Gen. Jack Keane (Ret): ‚ÄúI think we should take some comfort in the fact that the administration is going into this‚Ä¶ https://t.co/w789V6kw03,79,0.106,0.894,0.0,0.3612
379,FoxNews,Mon Apr 23 15:14:35 +0000 2018,'Fixer Upper' carpenter gets his own show on DIY Network https://t.co/qo90VnL4w8,80,0.0,1.0,0.0,0.0
380,FoxNews,Mon Apr 23 15:09:02 +0000 2018,"A notice is placed on an easel announcing the birth of the new #royalbaby, in the forecourt of Buckingham Palace, i‚Ä¶ https://t.co/2AiTU9RNHc",81,0.061,0.939,0.0,0.0772
381,FoxNews,Mon Apr 23 15:04:23 +0000 2018,Trump says he has 'instructed' DHS Secretary Nielsen not to let caravans into US: 'It is a disgrace' - via‚Ä¶ https://t.co/PFV289Sb1U,82,0.0,0.849,0.151,-0.4939
382,FoxNews,Mon Apr 23 14:56:38 +0000 2018,"A notice is placed on an easel announcing the birth of the new #royalbaby, in the forecourt of Buckingham Palace, i‚Ä¶ https://t.co/90t6cFK8hz",83,0.061,0.939,0.0,0.0772
383,FoxNews,Mon Apr 23 14:41:30 +0000 2018,"Happy Birthday, @USArmyReserve! #USARBirthday110 https://t.co/vY1YEOB1rS",84,0.499,0.501,0.0,0.6114
384,FoxNews,Mon Apr 23 14:32:28 +0000 2018,"NASA aircraft spots something in the Arctic that it can't explain and has ""never seen before."" https://t.co/IkNS4JXmuc",85,0.0,1.0,0.0,0.0
385,FoxNews,Mon Apr 23 14:31:18 +0000 2018,"Waffle House shooting suspect thought Taylor Swift was stalking him, was arrested at White House (via @travfed)  https://t.co/BimQuyVstG",86,0.081,0.679,0.24,-0.5423
386,FoxNews,Mon Apr 23 14:00:29 +0000 2018,Truck spills tons of fish onto farmer's field https://t.co/K2jvEMEOP8,87,0.0,1.0,0.0,0.0
387,FoxNews,Mon Apr 23 13:59:10 +0000 2018,"Take a live look outside St. Mary's Hospital where Kate Middleton, the Duchess of Cambridge, has given birth to a b‚Ä¶ https://t.co/i4V9ZBRrz9",88,0.0,1.0,0.0,0.0
388,FoxNews,Mon Apr 23 13:45:11 +0000 2018,"Pompeo, Trump's pick for secretary of state, faces tough battle for Senate confirmation - via @K_Schallhorn
https://t.co/YpxmOEaX0C",89,0.0,0.773,0.227,-0.4767
389,FoxNews,Mon Apr 23 13:43:32 +0000 2018,"Waffle House shooting suspect thought Taylor Swift was stalking him, was arrested at White House https://t.co/BimQuyVstG",90,0.09,0.647,0.264,-0.5423
390,FoxNews,Mon Apr 23 13:43:19 +0000 2018,Shania Twain apologizes for saying she would have voted for Trump despite his 'offensive' comments https://t.co/1z4O5jivxb,91,0.143,0.857,0.0,0.3612
391,FoxNews,Mon Apr 23 13:15:46 +0000 2018,Kate Middleton and Prince William welcome #royalbaby No. 3: Everything we know https://t.co/pO0BP1egPy,92,0.185,0.679,0.136,0.2023
392,FoxNews,Mon Apr 23 13:10:29 +0000 2018,.@GeorgeHWBush wore book socks made by @JohnsCrazySocks to honor his late wife Barbara https://t.co/179EMgRPSu https://t.co/7HmFL5N1bD,93,0.186,0.814,0.0,0.4939
393,FoxNews,Mon Apr 23 13:05:35 +0000 2018,Barbara Bush gravesite opens today https://t.co/Zi4iYwD1tP,94,0.0,1.0,0.0,0.0
394,FoxNews,Mon Apr 23 12:49:46 +0000 2018,.@SBALinda on tax cuts: ‚ÄúSmall businesses around the country are the ones who are really benefitting from this.‚Äù https://t.co/7L3upgOAjw,95,0.143,0.759,0.098,0.2484
395,FoxNews,Mon Apr 23 12:32:08 +0000 2018,'God Bless This Patriot': @dbongino Praises Waffle House Patron Who Snatched Shooter's Gun https://t.co/EG8kBOqRsD,96,0.401,0.483,0.116,0.7096
396,FoxNews,Mon Apr 23 12:21:36 +0000 2018,"Kate Middleton, Prince William welcome baby boy https://t.co/9rg4lztXnL https://t.co/wN8Iw3mTqy",97,0.273,0.727,0.0,0.4588
397,FoxNews,Mon Apr 23 12:13:00 +0000 2018,"BREAKING NEWS: Kate Middleton welcomes baby boy, her third child with Prince William, Kensington Palace announces‚Ä¶ https://t.co/0U4eZXTcdx",98,0.144,0.856,0.0,0.4019
398,FoxNews,Mon Apr 23 11:55:23 +0000 2018,Tom Arnold goes on tirade against conservative commentator Candace Owens (via @RyanGaydos) https://t.co/bWlg99UgiS,99,0.0,1.0,0.0,0.0
399,FoxNews,Mon Apr 23 11:46:41 +0000 2018,"Dog stays with lost 3-year-old girl overnight, leads rescuers to her https://t.co/2hZ8U29CTn",100,0.0,0.827,0.173,-0.3182
400,nytimes,Mon Apr 23 23:47:05 +0000 2018,The conventional wisdom is that regulation is needed to force Silicon Valley to respect online privacy. But new rul‚Ä¶ https://t.co/sGeIs2CycL,1,0.265,0.735,0.0,0.7579
401,nytimes,Mon Apr 23 23:32:02 +0000 2018,Prince‚Äôs family has filed a lawsuit against the Illinois hospital that treated him for an opioid overdose the week‚Ä¶ https://t.co/9k5poxe7SY,2,0.0,0.905,0.095,-0.2263
402,nytimes,Mon Apr 23 23:17:06 +0000 2018,"RT @NYTimesAtWar: In a 14-hour operation, a military veteran whose genitals were blown off by a bomb received an extraordinary transplant:‚Ä¶",3,0.0,0.842,0.158,-0.4939
403,nytimes,Mon Apr 23 23:02:05 +0000 2018,A scientist spent years studying a gene. Then she had a baby with an extremely rare disorder tied to it. https://t.co/IZYdEM1E7J,4,0.0,0.851,0.149,-0.4549
404,nytimes,Mon Apr 23 22:47:05 +0000 2018,Evening Briefing: Here's what you need to know at the end of the day https://t.co/dbBA26V8PX,5,0.0,1.0,0.0,0.0
405,nytimes,Mon Apr 23 22:36:02 +0000 2018,"The Nancy comic strip has been around since 1933. But in the past 2 weeks, Nancy has found a new voice. https://t.co/2Qw4dz5jaE",6,0.0,1.0,0.0,0.0
406,nytimes,Mon Apr 23 22:23:05 +0000 2018,"A Senate panel endorsed Mike Pompeo as secretary of state after Rand Paul changed his mind, avoiding a major rebuke‚Ä¶ https://t.co/6H0ezps2AD",7,0.093,0.794,0.112,-0.1027
407,nytimes,Mon Apr 23 22:14:04 +0000 2018,10 treasures from the New York Philharmonic's archives https://t.co/FhMrvXre5B,8,0.259,0.741,0.0,0.4215
408,nytimes,Mon Apr 23 21:58:03 +0000 2018,Breaking News: 9 people were killed and 16 injured when a man driving a van plowed down pedestrians on a Toronto st‚Ä¶ https://t.co/VKZSisF9b2,9,0.0,0.702,0.298,-0.802
409,nytimes,Mon Apr 23 21:47:03 +0000 2018,"RT @nytgraphics: A man drove a white van onto the sidewalk along Toronto‚Äôs main road and struck multiple people:
https://t.co/Oy0rWoVise ht‚Ä¶",10,0.0,0.9,0.1,-0.25
410,nytimes,Mon Apr 23 21:32:02 +0000 2018,One NYT reader's reaction to the unarmed man who wrested a rifle away from the Waffle House gunman‚Ä¶ https://t.co/jguzTHcISC,11,0.0,1.0,0.0,0.0
411,nytimes,Mon Apr 23 21:21:05 +0000 2018,"RT @katierogers: Melania Trump's media-shy East Wing staffers speak about their boss, who, amid constant craziness swirling around the Whit‚Ä¶",12,0.0,0.88,0.12,-0.3818
412,nytimes,Mon Apr 23 21:11:46 +0000 2018,"Nearly 3 months after they won their first Super Bowl title, the Philadelphia Eagles have not announced details of‚Ä¶ https://t.co/wt20znA4Cf",13,0.309,0.691,0.0,0.8225
413,nytimes,Mon Apr 23 21:06:03 +0000 2018,New York Gov. Andrew Cuomo introduced a bill to ban single-use plastic bags by next year. There are some exemptions‚Ä¶ https://t.co/tdlsjpmQo0,14,0.0,0.841,0.159,-0.5574
414,nytimes,Mon Apr 23 20:55:08 +0000 2018,"Europe‚Äôs efforts to stifle migration are being aided by nations with dubious human rights records, such as Sudan an‚Ä¶ https://t.co/UeeTHyTqmu",15,0.0,0.884,0.116,-0.3612
415,nytimes,Mon Apr 23 20:43:05 +0000 2018,"RT @NYTSports: In a private meeting with players and league officials, the owner of the Eagles referred to Mr. Trump's tenure as ""one disas‚Ä¶",16,0.0,1.0,0.0,0.0
416,nytimes,Mon Apr 23 20:32:07 +0000 2018,"Except for 3 brief trips to India, he has sold newspapers outside the 86th Street subway station every night and mo‚Ä¶ https://t.co/m7vZk5arcK",17,0.0,1.0,0.0,0.0
417,nytimes,Mon Apr 23 20:22:05 +0000 2018,RT @TheSteinLine: Appetizer for Game 4 of Rockets/Wolves from Sports Monday in the @nytimes: The story of Minnesota‚Äôs first home playoff ga‚Ä¶,18,0.0,1.0,0.0,0.0
418,nytimes,Mon Apr 23 20:12:03 +0000 2018,"Across the U.S., small craft distillers have been on a spending spree since the start of 2018 https://t.co/HCZj2DBsEu",19,0.0,1.0,0.0,0.0
419,nytimes,Mon Apr 23 20:02:07 +0000 2018,"""The Handmaid's Tale"" returns for Season 2 on Wednesday. Here's @poniewozik's review. https://t.co/9h0C1UR6zc",20,0.0,1.0,0.0,0.0
420,nytimes,Mon Apr 23 23:47:05 +0000 2018,The conventional wisdom is that regulation is needed to force Silicon Valley to respect online privacy. But new rul‚Ä¶ https://t.co/sGeIs2CycL,21,0.265,0.735,0.0,0.7579
421,nytimes,Mon Apr 23 23:32:02 +0000 2018,Prince‚Äôs family has filed a lawsuit against the Illinois hospital that treated him for an opioid overdose the week‚Ä¶ https://t.co/9k5poxe7SY,22,0.0,0.905,0.095,-0.2263
422,nytimes,Mon Apr 23 23:17:06 +0000 2018,"RT @NYTimesAtWar: In a 14-hour operation, a military veteran whose genitals were blown off by a bomb received an extraordinary transplant:‚Ä¶",23,0.0,0.842,0.158,-0.4939
423,nytimes,Mon Apr 23 23:02:05 +0000 2018,A scientist spent years studying a gene. Then she had a baby with an extremely rare disorder tied to it. https://t.co/IZYdEM1E7J,24,0.0,0.851,0.149,-0.4549
424,nytimes,Mon Apr 23 22:47:05 +0000 2018,Evening Briefing: Here's what you need to know at the end of the day https://t.co/dbBA26V8PX,25,0.0,1.0,0.0,0.0
425,nytimes,Mon Apr 23 22:36:02 +0000 2018,"The Nancy comic strip has been around since 1933. But in the past 2 weeks, Nancy has found a new voice. https://t.co/2Qw4dz5jaE",26,0.0,1.0,0.0,0.0
426,nytimes,Mon Apr 23 22:23:05 +0000 2018,"A Senate panel endorsed Mike Pompeo as secretary of state after Rand Paul changed his mind, avoiding a major rebuke‚Ä¶ https://t.co/6H0ezps2AD",27,0.093,0.794,0.112,-0.1027
427,nytimes,Mon Apr 23 22:14:04 +0000 2018,10 treasures from the New York Philharmonic's archives https://t.co/FhMrvXre5B,28,0.259,0.741,0.0,0.4215
428,nytimes,Mon Apr 23 21:58:03 +0000 2018,Breaking News: 9 people were killed and 16 injured when a man driving a van plowed down pedestrians on a Toronto st‚Ä¶ https://t.co/VKZSisF9b2,29,0.0,0.702,0.298,-0.802
429,nytimes,Mon Apr 23 21:47:03 +0000 2018,"RT @nytgraphics: A man drove a white van onto the sidewalk along Toronto‚Äôs main road and struck multiple people:
https://t.co/Oy0rWoVise ht‚Ä¶",30,0.0,0.9,0.1,-0.25
430,nytimes,Mon Apr 23 21:32:02 +0000 2018,One NYT reader's reaction to the unarmed man who wrested a rifle away from the Waffle House gunman‚Ä¶ https://t.co/jguzTHcISC,31,0.0,1.0,0.0,0.0
431,nytimes,Mon Apr 23 21:21:05 +0000 2018,"RT @katierogers: Melania Trump's media-shy East Wing staffers speak about their boss, who, amid constant craziness swirling around the Whit‚Ä¶",32,0.0,0.88,0.12,-0.3818
432,nytimes,Mon Apr 23 21:11:46 +0000 2018,"Nearly 3 months after they won their first Super Bowl title, the Philadelphia Eagles have not announced details of‚Ä¶ https://t.co/wt20znA4Cf",33,0.309,0.691,0.0,0.8225
433,nytimes,Mon Apr 23 21:06:03 +0000 2018,New York Gov. Andrew Cuomo introduced a bill to ban single-use plastic bags by next year. There are some exemptions‚Ä¶ https://t.co/tdlsjpmQo0,34,0.0,0.841,0.159,-0.5574
434,nytimes,Mon Apr 23 20:55:08 +0000 2018,"Europe‚Äôs efforts to stifle migration are being aided by nations with dubious human rights records, such as Sudan an‚Ä¶ https://t.co/UeeTHyTqmu",35,0.0,0.884,0.116,-0.3612
435,nytimes,Mon Apr 23 20:43:05 +0000 2018,"RT @NYTSports: In a private meeting with players and league officials, the owner of the Eagles referred to Mr. Trump's tenure as ""one disas‚Ä¶",36,0.0,1.0,0.0,0.0
436,nytimes,Mon Apr 23 20:32:07 +0000 2018,"Except for 3 brief trips to India, he has sold newspapers outside the 86th Street subway station every night and mo‚Ä¶ https://t.co/m7vZk5arcK",37,0.0,1.0,0.0,0.0
437,nytimes,Mon Apr 23 20:22:05 +0000 2018,RT @TheSteinLine: Appetizer for Game 4 of Rockets/Wolves from Sports Monday in the @nytimes: The story of Minnesota‚Äôs first home playoff ga‚Ä¶,38,0.0,1.0,0.0,0.0
438,nytimes,Mon Apr 23 20:12:03 +0000 2018,"Across the U.S., small craft distillers have been on a spending spree since the start of 2018 https://t.co/HCZj2DBsEu",39,0.0,1.0,0.0,0.0
439,nytimes,Mon Apr 23 20:02:07 +0000 2018,"""The Handmaid's Tale"" returns for Season 2 on Wednesday. Here's @poniewozik's review. https://t.co/9h0C1UR6zc",40,0.0,1.0,0.0,0.0
440,nytimes,Mon Apr 23 19:52:05 +0000 2018,"Joe R. Perez, 20
DeEbony Groves, 21
Taurean C. Sanderlin, 29
Akilah Dasilva, 23

A look at the lives of the Waffle‚Ä¶ https://t.co/nXhQYhePhJ",41,0.0,1.0,0.0,0.0
441,nytimes,Mon Apr 23 19:43:53 +0000 2018,"About 10 people were hit, some of them feared dead, as a driver struck pedestrians at two sites in Toronto. A suspe‚Ä¶ https://t.co/U9u5QgOXoa",42,0.0,0.655,0.345,-0.8591
442,nytimes,Mon Apr 23 19:42:03 +0000 2018,‚ÄúDid you know one out of three babies aborted in American are black? One out of three. And Tammy Baldwin is a big r‚Ä¶ https://t.co/UcwIO37sls,43,0.0,1.0,0.0,0.0
443,nytimes,Mon Apr 23 19:32:07 +0000 2018,"RT @Max_Fisher: Here are my thoughts on the Trump-Kim nuclear summit developments

The US and North Korea have been driving toward wildly c‚Ä¶",44,0.0,1.0,0.0,0.0
444,nytimes,Mon Apr 23 19:22:03 +0000 2018,Apple said in December that it would buy Shazam. But European regulators are holding up the deal. https://t.co/ffc4dC0uE8,45,0.0,1.0,0.0,0.0
445,nytimes,Mon Apr 23 19:12:04 +0000 2018,RT @charlie_savage: The USA under the Obama admin struck deals w/ 3 dozen nations to resettle 150 lower-level Gitmo detainees from chaotic‚Ä¶,46,0.0,0.909,0.091,-0.25
446,nytimes,Mon Apr 23 19:02:34 +0000 2018,"A van drove onto the sidewalk in at least 2 locations in Toronto, striking 8 to 10 people before it was stopped by‚Ä¶ https://t.co/eR6nrCFGvA",47,0.0,0.913,0.087,-0.2263
447,nytimes,Mon Apr 23 19:02:03 +0000 2018,Dogs have long had a place in the art world. But not quite like this. https://t.co/OaTuHNsBGn,48,0.0,0.857,0.143,-0.3241
448,nytimes,Mon Apr 23 18:50:11 +0000 2018,"Multiple people were injured on Monday when a van went onto a Toronto sidewalk, striking 8 to 10 people, the police‚Ä¶ https://t.co/8zCkFxHsQW",49,0.0,0.87,0.13,-0.4019
449,nytimes,Mon Apr 23 18:48:02 +0000 2018,"RT @nytpolitics: In Republican races across the country, candidates are spouting the president's catchphrases as they try to prove to voter‚Ä¶",50,0.0,1.0,0.0,0.0
450,nytimes,Mon Apr 23 18:37:11 +0000 2018,"About 160 law enforcement officials had been involved in the search for, Travis Reinking, the suspect in the Waffle‚Ä¶ https://t.co/GwYyxwGUKZ",51,0.0,0.896,0.104,-0.296
451,nytimes,Mon Apr 23 18:33:08 +0000 2018,Pope Francis has said sorry time and again. But Canada's Indigenous people are wondering why they've been left off‚Ä¶ https://t.co/TrNSqW5jqw,52,0.0,0.936,0.064,-0.0772
452,nytimes,Mon Apr 23 18:23:04 +0000 2018,"RT @nytimestravel: It's whisky galore on the remote and rugged Scottish island of Islay, which exists on the fringe of modernity https://t.‚Ä¶",53,0.0,1.0,0.0,0.0
453,nytimes,Mon Apr 23 18:21:44 +0000 2018,Breaking News: The suspect in the Waffle House shooting that left 4 people dead in Nashville has been arrested afte‚Ä¶ https://t.co/y1Vu1vVAas,54,0.0,0.639,0.361,-0.8625
454,nytimes,Mon Apr 23 18:13:05 +0000 2018,"How California turned into a ""state of resistance"" https://t.co/8avSsOztNs",55,0.0,1.0,0.0,0.0
455,nytimes,Mon Apr 23 18:03:04 +0000 2018,The MTA is hoping an unproven technology can help fix the subways. No one knows if it can actually work. https://t.co/9JjDXbec4n,56,0.214,0.7,0.086,0.5106
456,nytimes,Mon Apr 23 17:53:03 +0000 2018,"The latest updates from Nashville, where officials are still searching for the accused Waffle House shooter https://t.co/8w8OZR5N1v",57,0.0,0.879,0.121,-0.296
457,nytimes,Mon Apr 23 17:43:04 +0000 2018,"RT @joecoscarelli: DIARY OF A SONG: ‚ÄúThe Middle‚Äù 

This is how a number one pop hit comes together, as told through demos, text messages an‚Ä¶",58,0.056,0.944,0.0,0.0772
458,nytimes,Mon Apr 23 17:33:03 +0000 2018,RT @nytpolitics: Emmanuel Macron is on a mission to persuade President Trump not to scrap the Iran nuclear deal https://t.co/ffw1KSEDkG htt‚Ä¶,59,0.0,1.0,0.0,0.0
459,nytimes,Mon Apr 23 17:23:06 +0000 2018,"RT @nytimesworld: The governor of Latvia‚Äôs central bank has never been a popular guy, with an austerity drive that led to widespread suffer‚Ä¶",60,0.0,0.9,0.1,-0.3252
460,nytimes,Mon Apr 23 17:13:03 +0000 2018,"RT @Max_Fisher: As promised, I wanted to briefly explain why I hope anyone who uses Facebook ‚Äî in any country ‚Äî will make time for our Sund‚Ä¶",61,0.205,0.795,0.0,0.6597
461,nytimes,Mon Apr 23 17:03:07 +0000 2018,"James Shaw Jr., who wrested the gun away from the Waffle House shooter, visited 2 women who survived the shooting i‚Ä¶ https://t.co/8YIQFbKSpt",62,0.134,0.769,0.097,0.2263
462,nytimes,Mon Apr 23 16:53:06 +0000 2018,"With ""Avengers: Infinity War,"" Marvel says it wants to clear the table it has spent the last 10 years arranging and‚Ä¶ https://t.co/xll2Az2mAr",63,0.213,0.787,0.0,0.6597
463,nytimes,Mon Apr 23 16:43:03 +0000 2018,New York City could face costs of hundreds of millions of dollars to repair boilers and roofs and eradicate mold fr‚Ä¶ https://t.co/i5sDOBkGgC,64,0.0,1.0,0.0,0.0
464,nytimes,Mon Apr 23 16:33:05 +0000 2018,"He's sure of two things about himself:  He is a hockey man, and he is gay. Over the years, that has felt like an un‚Ä¶ https://t.co/NQ4YINJfI0",65,0.173,0.827,0.0,0.5859
465,nytimes,Mon Apr 23 16:23:06 +0000 2018,"As a state senator, Scott Pruitt bought a house in Oklahoma City from a lobbyist, using a shell company set up with‚Ä¶ https://t.co/ekuFUr0euA",66,0.0,1.0,0.0,0.0
466,nytimes,Mon Apr 23 16:13:02 +0000 2018,RT @NYTScience: A young soldier with a dreaded and devastating type of war injury has become the first wounded veteran to receive a penis t‚Ä¶,67,0.0,0.55,0.45,-0.9403
467,nytimes,Mon Apr 23 16:03:06 +0000 2018,"RT @nytopinion: Is it ethical to torture or kill robots as lifelike as those on Westworld? In your heart and gut, you already know the answ‚Ä¶",68,0.095,0.659,0.246,-0.743
468,nytimes,Mon Apr 23 15:53:01 +0000 2018,"Europe is outsourcing border management to distant countries, hoping to stop migrants before they cross the Mediter‚Ä¶ https://t.co/nQpCO6PdRL",69,0.133,0.762,0.105,0.1531
469,nytimes,Mon Apr 23 15:43:05 +0000 2018,"RT @NYTNational: To navigate scandals and impeachments in recent years, governors and lawmakers have turned to a handful of lawyers. https:‚Ä¶",70,0.0,0.856,0.144,-0.4939
470,nytimes,Mon Apr 23 15:33:02 +0000 2018,How a set of doors outside a London hospital became the place where the world catches its first glimpses of new roy‚Ä¶ https://t.co/T9eQVTsUap,71,0.0,1.0,0.0,0.0
471,nytimes,Mon Apr 23 15:23:03 +0000 2018,"RT @NYTScience: ""My daughter's brain is so damaged."" Suddenly a scientist learned her baby has the rarest of mutations in a gene the scient‚Ä¶",72,0.0,1.0,0.0,0.0
472,nytimes,Mon Apr 23 15:13:02 +0000 2018,"Cuomo and de Blasio are engaged in a feud so nasty, petty and prolonged that even in the cutthroat politics of New‚Ä¶ https://t.co/T1TN6nQehk",73,0.091,0.604,0.305,-0.7502
473,nytimes,Mon Apr 23 15:03:01 +0000 2018,"RT @amandahess: Beauty expectations for women have never been stricter, but it‚Äôs become taboo to admit that. I wrote about the beauty denia‚Ä¶",74,0.34,0.66,0.0,0.8689
474,nytimes,Mon Apr 23 14:53:04 +0000 2018,"For generations of Americans, working for a state or local government provided a comfortable nook in the middle cla‚Ä¶ https://t.co/THpD5JT1JT",75,0.163,0.837,0.0,0.5106
475,nytimes,Mon Apr 23 14:43:12 +0000 2018,The global wind turbine industry has transformed from a collection of small companies in Denmark to corporations pu‚Ä¶ https://t.co/0QRRKAqmYf,76,0.0,1.0,0.0,0.0
476,nytimes,Mon Apr 23 14:33:01 +0000 2018,"RT @TimHerrera: If you're bad at something, chances are you don't even realize it ‚Äî it's science. But there are ways around that! https://t‚Ä¶",77,0.068,0.79,0.143,-0.4574
477,nytimes,Mon Apr 23 14:25:06 +0000 2018,"The man who has led Armenia for the past decade, Serzh Sargsyan, announced his resignation, bowing to pressure from‚Ä¶ https://t.co/kjRyDn6DHL",78,0.0,0.804,0.196,-0.5267
478,nytimes,Mon Apr 23 14:15:10 +0000 2018,"The police said there had been ""no credible sightings"" of the man accused of killing four people at a Waffle House‚Ä¶ https://t.co/4yCifROaMs",79,0.0,0.672,0.328,-0.8316
479,nytimes,Mon Apr 23 14:00:08 +0000 2018,"James Shaw Jr. sprinted through the door as fast as he could, slammed into the shooter and knocked him to the groun‚Ä¶ https://t.co/za6oFbDxLu",80,0.0,1.0,0.0,0.0
480,nytimes,Mon Apr 23 13:47:05 +0000 2018,"In a declaration over the weekend, Kim Jong-un spoke as if the North was already a nuclear power, and no longer nee‚Ä¶ https://t.co/qaUO7x1x1t",81,0.0,0.901,0.099,-0.296
481,nytimes,Mon Apr 23 13:35:05 +0000 2018,RT @nytopinion: The United States is the only country in the world where mainstream conservatives actively deny climate change. https://t.c‚Ä¶,82,0.208,0.694,0.098,0.4019
482,nytimes,Mon Apr 23 13:16:03 +0000 2018,"Many students living on campus locked themselves in, waiting until the authorities announced that the suspect, also‚Ä¶ https://t.co/eYgqi4GRHk",83,0.0,0.885,0.115,-0.296
483,nytimes,Mon Apr 23 13:10:04 +0000 2018,We asked readers about whether they felt their race contributed to how others behaved around them in their daily li‚Ä¶ https://t.co/Q5xWjQikdb,84,0.0,1.0,0.0,0.0
484,nytimes,Mon Apr 23 13:00:09 +0000 2018,Morning¬†Briefing: Here's what you need to know to start your day https://t.co/JNK2Ylqb5N https://t.co/TkejjFsplZ,85,0.0,1.0,0.0,0.0
485,nytimes,Mon Apr 23 12:50:06 +0000 2018,"A bus crash in North Korea has killed 32 Chinese tourists and four North Korean workers, Chinese officials said https://t.co/tXSAOlv3P4",86,0.0,0.702,0.298,-0.802
486,nytimes,Mon Apr 23 12:41:04 +0000 2018,"Breaking News: Catherine, the Duchess of Cambridge, the wife of Prince William, has given birth to their third chil‚Ä¶ https://t.co/J0I7tFbSoh",87,0.0,1.0,0.0,0.0
487,nytimes,Mon Apr 23 12:40:03 +0000 2018,"In @NYTOpinion 

Daniel Rodrigues and Cl√°udia Brand√£o visited Savar, Bangladesh last year to see what had changed a‚Ä¶ https://t.co/vNq4BtfJTb",88,0.0,1.0,0.0,0.0
488,nytimes,Mon Apr 23 12:30:06 +0000 2018,"RT @nytimesarts: ""Harry Potter and the Cursed Child"" is the new gold standard for franchise fantasy entertainments on Broadway https://t.co‚Ä¶",89,0.148,0.852,0.0,0.5106
489,nytimes,Mon Apr 23 12:17:16 +0000 2018,"The Duchess of Cambridge gave birth to a boy on Monday. ""Her Royal Highness and her child are both doing well,"" Ken‚Ä¶ https://t.co/wC0ciBe0Fe",90,0.0,1.0,0.0,0.0
490,nytimes,Mon Apr 23 12:15:05 +0000 2018,South Korea turned off loudspeakers blaring bouncy music and other propaganda into North Korea on Monday https://t.co/H8YdetvPKd,91,0.0,0.889,0.111,-0.25
491,nytimes,Mon Apr 23 12:11:50 +0000 2018,"Your daily @DealBook Briefing:

‚Ä¢ Walmart is reportedly close to buying a majority stake in Flipkart, the top e-com‚Ä¶ https://t.co/X3CUSMet3S",92,0.096,0.904,0.0,0.2023
492,nytimes,Mon Apr 23 11:45:05 +0000 2018,"""It gives him an opportunity to lift up a message of tolerance, inclusivity and democracy at a time when there are‚Ä¶ https://t.co/JMt3Iwlm9Q",93,0.217,0.783,0.0,0.6124
493,nytimes,Mon Apr 23 11:31:06 +0000 2018,"""He was going to have to work to kill me,"" said James Shaw Jr., the Waffle House customer who wrested the weapon aw‚Ä¶ https://t.co/CL8r2FsNGf",94,0.0,0.761,0.239,-0.7845
494,nytimes,Mon Apr 23 11:15:07 +0000 2018,"""I was afraid that we might be slaughtered without anyone knowing what's happening. So I started recording what's h‚Ä¶ https://t.co/rHiMYQq67S",95,0.0,1.0,0.0,0.0
495,nytimes,Mon Apr 23 11:00:06 +0000 2018,"Salah Abdeslam, who is believed to be the only surviving member of the group that carried out attacks in and around‚Ä¶ https://t.co/fMXzzmxa6v",96,0.088,0.797,0.116,-0.1779
496,nytimes,Mon Apr 23 10:45:05 +0000 2018,"Aleksandr Kogan, the academic who helped harvest millions of Facebook profiles, said he ""never heard a word"" of obj‚Ä¶ https://t.co/0LaV2WOuK4",97,0.0,1.0,0.0,0.0
497,nytimes,Mon Apr 23 10:31:12 +0000 2018,How windmills as wide as jumbo jets are making clean energy mainstream https://t.co/8w87W2Hrh9 https://t.co/ben6gInQr0,98,0.286,0.714,0.0,0.5859
498,nytimes,Mon Apr 23 10:15:06 +0000 2018,Mario Abdo Ben√≠tez's narrow victory in Paraguay further cemented South America's rightward shift https://t.co/yUktzY0rH2,99,0.0,1.0,0.0,0.0
499,nytimes,Mon Apr 23 10:00:12 +0000 2018,Morning¬†Briefing: Here's what you need to know to start your day https://t.co/K6o3ueGOz6 https://t.co/Ao3Ktaqb4V,100,0.0,1.0,0.0,0.0
